State,County,Use,Year,Volume
Texas,Andrews,Indirect,1981,101.8413
Texas,Andrews,Indirect,1981,48.6
Texas,Andrews,Indirect,1981,30.762375
Texas,Andrews,Indirect,1981,23.750352
Texas,Andrews,Indirect,1981,9.701051
Texas,Andrews,Indirect,1981,4.367033
Texas,Andrews,Indirect,1981,0.22512
Texas,Andrews,Indirect,1981,0.0982
Texas,Andrews,Indirect,1981,0.006
Texas,Andrews,Indirect,1982,106.262
Texas,Andrews,Indirect,1982,50.963
Texas,Andrews,Indirect,1982,25.383634
Texas,Andrews,Indirect,1982,24.32667
Texas,Andrews,Indirect,1982,10.035
Texas,Andrews,Indirect,1982,3.46542
Texas,Andrews,Indirect,1982,0.22407
Texas,Andrews,Indirect,1982,0.0907
Texas,Andrews,Indirect,1982,0.0012
Texas,Andrews,Indirect,1983,101.3
Texas,Andrews,Indirect,1983,53.1841
Texas,Andrews,Indirect,1983,40.91332
Texas,Andrews,Indirect,1983,25.38364
Texas,Andrews,Indirect,1983,20.737724
Texas,Andrews,Indirect,1983,3.8157
Texas,Andrews,Indirect,1983,0.13885
Texas,Andrews,Indirect,1983,0.04977
Texas,Andrews,Indirect,1984,91.919
Texas,Andrews,Indirect,1984,55.94
Texas,Andrews,Indirect,1984,52.36028
Texas,Andrews,Indirect,1984,25.389
Texas,Andrews,Indirect,1984,18.48618
Texas,Andrews,Indirect,1985,84.2112
Texas,Andrews,Indirect,1985,79.622
Texas,Andrews,Indirect,1985,34.313
Texas,Andrews,Indirect,1985,25.825884
Texas,Andrews,Indirect,1985,15.531249
Texas,Andrews,Indirect,1986,84.211
Texas,Andrews,Indirect,1986,80.34
Texas,Andrews,Indirect,1986,67.4915
Texas,Andrews,Indirect,1986,27.172488
Texas,Andrews,Indirect,1986,11.796816
Texas,Andrews,Indirect,1986,0.684
Texas,Andrews,Indirect,1987,95.6496
Texas,Andrews,Indirect,1987,81.216
Texas,Andrews,Indirect,1987,46.376613999999996
Texas,Andrews,Indirect,1987,27.296892
Texas,Andrews,Indirect,1987,0.689
Texas,Andrews,Indirect,1988,81.216
Texas,Andrews,Indirect,1988,75.6283
Texas,Andrews,Indirect,1988,63.2256
Texas,Andrews,Indirect,1988,44.536696
Texas,Andrews,Indirect,1988,0.618475
Texas,Andrews,Indirect,1989,81.216
Texas,Andrews,Indirect,1989,75.9996
Texas,Andrews,Indirect,1989,47.9076
Texas,Andrews,Indirect,1989,44.4996
Texas,Andrews,Indirect,1989,11.035
Texas,Andrews,Indirect,1989,0.5606
Texas,Andrews,Indirect,1990,81.616
Texas,Andrews,Indirect,1990,48
Texas,Andrews,Indirect,1990,34.8537
Texas,Andrews,Indirect,1990,3.367
Texas,Andrews,Indirect,1990,0.4104
Texas,Andrews,Indirect,1991,81.216
Texas,Andrews,Indirect,1991,18.121
Texas,Andrews,Indirect,1991,5.2416
Texas,Andrews,Indirect,1991,0.3996
Texas,Andrews,Indirect,1991,0.3048
Texas,Andrews,Indirect,1992,81.216
Texas,Andrews,Indirect,1992,19.874
Texas,Andrews,Indirect,1992,5.7014
Texas,Andrews,Indirect,1992,0.3996
Texas,Andrews,Indirect,1992,0.0548
Texas,Andrews,Indirect,1993,81.216
Texas,Andrews,Indirect,1993,17.5465
Texas,Andrews,Indirect,1993,5.469
Texas,Andrews,Indirect,1993,0.84
Texas,Andrews,Indirect,1993,0.202
Texas,Andrews,Indirect,1994,81.216
Texas,Andrews,Indirect,1994,18.25642
Texas,Andrews,Indirect,1994,16.635838
Texas,Andrews,Indirect,1994,5.062
Texas,Andrews,Indirect,1994,0.006
Texas,Andrews,Indirect,1995,81.216
Texas,Andrews,Indirect,1995,36.49648
Texas,Andrews,Indirect,1995,16.1419
Texas,Andrews,Indirect,1995,5.064
Texas,Andrews,Indirect,1995,0.02
Texas,Andrews,Indirect,1996,74.8
Texas,Andrews,Indirect,1996,42.333909
Texas,Andrews,Indirect,1996,36.6182
Texas,Andrews,Indirect,1996,5.054
Texas,Andrews,Indirect,1996,0.0204
Texas,Andrews,Indirect,1997,21.985882
Texas,Andrews,Indirect,1997,11.1886
Texas,Andrews,Indirect,1997,7.951
Texas,Andrews,Indirect,1997,4.921
Texas,Andrews,Indirect,1997,0.024
Texas,Andrews,Indirect,1998,28.74341
Texas,Andrews,Indirect,1998,4.922
Texas,Andrews,Indirect,1998,0.024
Texas,Andrews,Indirect,1999,23.619792
Texas,Andrews,Indirect,1999,1.112715
Texas,Andrews,Indirect,1999,0.024
Texas,Andrews,Indirect,2000,1.112715
Texas,Andrews,Indirect,2010,7.682665
Texas,Andrews,Indirect,2011,33.929599
Texas,Andrews,Indirect,2011,3.208185
Texas,Andrews,Indirect,2012,45.154253
Texas,Andrews,Indirect,2012,3.4613679999999998
Texas,Andrews,Indirect,2013,43.022093
Texas,Andrews,Indirect,2013,3.1437
Texas,Andrews,Indirect,2014,46.645779
Texas,Andrews,Indirect,2014,38.5959
Texas,Andrews,Indirect,2014,1.980594
Texas,Andrews,Indirect,2015,40.87398
Texas,Andrews,Indirect,2015,40.471718
Texas,Andrews,Indirect,2015,3.039477
Texas,Andrews,Indirect,2016,37.093762
Texas,Andrews,Indirect,2016,2.726321
Texas,Andrews,Indirect,2017,17.955577
Texas,Andrews,Indirect,2017,0.647193
Texas,Borden,Indirect,1981,57.348388
Texas,Borden,Indirect,1982,55.065074
Texas,Borden,Indirect,1983,52.998227
Texas,Borden,Indirect,1984,54.358538
Texas,Borden,Indirect,1985,51.23727
Texas,Borden,Indirect,1986,60.89938
Texas,Borden,Indirect,1987,56.53997
Texas,Borden,Indirect,1988,57.35979
Texas,Borden,Indirect,1989,53.5021
Texas,Borden,Indirect,1991,52.4245
Texas,Borden,Indirect,1992,48.4443
Texas,Borden,Indirect,1993,53.2937
Texas,Borden,Indirect,1994,60.088194
Texas,Borden,Indirect,1995,52.064853
Texas,Borden,Indirect,1996,34.911103
Texas,Borden,Indirect,1997,29.077444
Texas,Borden,Indirect,1998,25.328158
Texas,Borden,Indirect,1999,24.949008
Texas,Borden,Indirect,2000,24.949008
Texas,Borden,Indirect,2001,24.960187
Texas,Borden,Indirect,2002,24.960187
Texas,Borden,Indirect,2003,24.960187
Texas,Borden,Indirect,2004,24.960187
Texas,Borden,Indirect,2005,24.960187
Texas,Borden,Indirect,2006,24.960187
Texas,Borden,Indirect,2007,24.960187
Texas,Borden,Indirect,2008,24.960187
Texas,Borden,Indirect,2009,24.960187
Texas,Borden,Indirect,2010,24.960187
Texas,Borden,Indirect,2011,24.960187
Texas,Borden,Indirect,2012,24.960187
Texas,Borden,Indirect,2013,24.960187
Texas,Borden,Indirect,2014,24.960187
Texas,Borden,Indirect,2015,24.960187
Texas,Borden,Indirect,2016,24.960187
Texas,Borden,Indirect,2017,24.960187
Texas,Borden,Indirect,2018,24.960187
Texas,Cochran,Indirect,1981,66.093537
Texas,Cochran,Indirect,1982,66.093537
Texas,Cochran,Indirect,1983,66.093537
Texas,Cochran,Indirect,1984,66.093537
Texas,Cochran,Indirect,1985,66.193537
Texas,Cochran,Indirect,1986,66.193537
Texas,Cochran,Indirect,1987,66.193537
Texas,Cochran,Indirect,1988,66.193537
Texas,Cochran,Indirect,1989,66.1937
Texas,Cochran,Indirect,1990,1.0344
Texas,Cochran,Indirect,1991,1.0344
Texas,Cochran,Indirect,1992,1.0344
Texas,Cochran,Indirect,1993,1.0344
Texas,Cochran,Indirect,1994,0.0438
Texas,Cochran,Indirect,1995,0.0438
Texas,Crane,Indirect,1981,246.37633400000001
Texas,Crane,Indirect,1981,97.40138
Texas,Crane,Indirect,1981,72.98802
Texas,Crane,Indirect,1981,36.249887
Texas,Crane,Indirect,1981,30
Texas,Crane,Indirect,1981,26.024
Texas,Crane,Indirect,1982,214.504122
Texas,Crane,Indirect,1982,105.790339
Texas,Crane,Indirect,1982,78.121848
Texas,Crane,Indirect,1982,49.577328
Texas,Crane,Indirect,1982,38
Texas,Crane,Indirect,1982,26.024
Texas,Crane,Indirect,1982,0.252
Texas,Crane,Indirect,1983,185.880006
Texas,Crane,Indirect,1983,119.381219
Texas,Crane,Indirect,1983,68.36085
Texas,Crane,Indirect,1983,35.051643
Texas,Crane,Indirect,1983,34
Texas,Crane,Indirect,1983,26.024
Texas,Crane,Indirect,1983,0.252
Texas,Crane,Indirect,1984,200.055064
Texas,Crane,Indirect,1984,109.518889
Texas,Crane,Indirect,1984,78.199147
Texas,Crane,Indirect,1984,26.024
Texas,Crane,Indirect,1984,20.168063
Texas,Crane,Indirect,1984,6.6255
Texas,Crane,Indirect,1984,0.252
Texas,Crane,Indirect,1985,121.769931
Texas,Crane,Indirect,1985,65.155902
Texas,Crane,Indirect,1985,26.024
Texas,Crane,Indirect,1985,14.898239
Texas,Crane,Indirect,1985,8.0942
Texas,Crane,Indirect,1985,0.252
Texas,Crane,Indirect,1986,126.972911
Texas,Crane,Indirect,1986,59.171868
Texas,Crane,Indirect,1986,26.024
Texas,Crane,Indirect,1986,20.064283
Texas,Crane,Indirect,1986,8.4096
Texas,Crane,Indirect,1986,0.15335
Texas,Crane,Indirect,1987,118.949841
Texas,Crane,Indirect,1987,56.666652
Texas,Crane,Indirect,1987,26.024
Texas,Crane,Indirect,1987,9.193432
Texas,Crane,Indirect,1987,4.68
Texas,Crane,Indirect,1987,0.15335
Texas,Crane,Indirect,1988,122.80834
Texas,Crane,Indirect,1988,90.312642
Texas,Crane,Indirect,1988,53.266649
Texas,Crane,Indirect,1988,26.024
Texas,Crane,Indirect,1988,3.646832
Texas,Crane,Indirect,1988,0.12
Texas,Crane,Indirect,1988,0.1008
Texas,Crane,Indirect,1989,139.2402
Texas,Crane,Indirect,1989,70.6965
Texas,Crane,Indirect,1989,32.692
Texas,Crane,Indirect,1989,26.024
Texas,Crane,Indirect,1989,3.9059
Texas,Crane,Indirect,1989,0.12
Texas,Crane,Indirect,1989,0.1008
Texas,Crane,Indirect,1990,108.2207
Texas,Crane,Indirect,1990,69.657
Texas,Crane,Indirect,1990,53.2309
Texas,Crane,Indirect,1990,3.7127
Texas,Crane,Indirect,1990,1.0324
Texas,Crane,Indirect,1990,0.1008
Texas,Crane,Indirect,1990,0.0295
Texas,Crane,Indirect,1991,81.1779
Texas,Crane,Indirect,1991,59.0649
Texas,Crane,Indirect,1991,44.6846
Texas,Crane,Indirect,1991,26.024
Texas,Crane,Indirect,1991,2.5953
Texas,Crane,Indirect,1991,0.1008
Texas,Crane,Indirect,1992,67.6015
Texas,Crane,Indirect,1992,62.6506
Texas,Crane,Indirect,1992,2.4
Texas,Crane,Indirect,1992,0.7484
Texas,Crane,Indirect,1992,0.1008
Texas,Crane,Indirect,1993,142.0689
Texas,Crane,Indirect,1993,56.1823
Texas,Crane,Indirect,1993,3.9785
Texas,Crane,Indirect,1993,0.1008
Texas,Crane,Indirect,1993,0.0898
Texas,Crane,Indirect,1994,140.67355
Texas,Crane,Indirect,1994,72.810898
Texas,Crane,Indirect,1994,6.31344
Texas,Crane,Indirect,1994,0.057666
Texas,Crane,Indirect,1994,0.0504
Texas,Crane,Indirect,1994,0.01
Texas,Crane,Indirect,1995,132.71643
Texas,Crane,Indirect,1995,83.090236
Texas,Crane,Indirect,1995,3.19158
Texas,Crane,Indirect,1995,0.10943
Texas,Crane,Indirect,1996,77.7385
Texas,Crane,Indirect,1996,29.044626
Texas,Crane,Indirect,1996,2.20848
Texas,Crane,Indirect,1996,1
Texas,Crane,Indirect,1996,0.05271
Texas,Crane,Indirect,1996,0.0026
Texas,Crane,Indirect,1997,56.22931
Texas,Crane,Indirect,1997,5.0022
Texas,Crane,Indirect,1997,2.646
Texas,Crane,Indirect,1997,1
Texas,Crane,Indirect,1998,118.400352
Texas,Crane,Indirect,1998,52.989426
Texas,Crane,Indirect,1998,5.0022
Texas,Crane,Indirect,1998,0.08064
Texas,Crane,Indirect,1999,118.400352
Texas,Crane,Indirect,1999,1.233517
Texas,Crane,Indirect,1999,0.08064
Texas,Crockett,Indirect,1981,14.1
Texas,Crockett,Indirect,1981,0.19521
Texas,Crockett,Indirect,1982,13.8
Texas,Crockett,Indirect,1982,0.19521
Texas,Crockett,Indirect,1983,2.296868
Texas,Crockett,Indirect,1983,0.19464
Texas,Crockett,Indirect,1984,3.464076
Texas,Crockett,Indirect,1985,15.89049
Texas,Crockett,Indirect,1985,0.041
Texas,Crockett,Indirect,1986,8.456
Texas,Crockett,Indirect,1986,0.249577
Texas,Crockett,Indirect,1986,0.0093
Texas,Crockett,Indirect,1987,12.095496
Texas,Crockett,Indirect,1987,0.383078
Texas,Crockett,Indirect,1988,2.896866
Texas,Crockett,Indirect,1988,0.35232
Texas,Crockett,Indirect,1989,3.272
Texas,Crockett,Indirect,1989,0.3721
Texas,Crockett,Indirect,1990,2.036
Texas,Crockett,Indirect,1991,5.7536
Texas,Crockett,Indirect,1991,0.3
Texas,Crockett,Indirect,1992,6.2291
Texas,Crockett,Indirect,1993,2.8982
Texas,Crockett,Indirect,1993,1.3715
Texas,Crockett,Indirect,1993,0.36
Texas,Crockett,Indirect,1994,4.533185
Texas,Crockett,Indirect,1994,1.469389
Texas,Crockett,Indirect,1995,7.436616
Texas,Crockett,Indirect,1995,1.3392
Texas,Crockett,Indirect,1995,1.116
Texas,Crockett,Indirect,1996,9.189852
Texas,Crockett,Indirect,1996,1.116
Texas,Crockett,Indirect,1996,0.6696
Texas,Crockett,Indirect,1997,12.96015
Texas,Crockett,Indirect,1997,0.38
Texas,Crockett,Indirect,1997,0.241
Texas,Crockett,Indirect,1998,10.591896
Texas,Crockett,Indirect,1998,0.241
Texas,Crockett,Indirect,1998,0.162
Texas,Crockett,Indirect,1999,7.901628
Texas,Crockett,Indirect,1999,0.241
Texas,Crockett,Indirect,1999,0.162
Texas,Crockett,Indirect,2000,10.000914
Texas,Crockett,Indirect,2001,7.026642
Texas,Crockett,Indirect,2002,13.715726
Texas,Crockett,Indirect,2003,16.346866
Texas,Crockett,Indirect,2004,16.346866
Texas,Crockett,Indirect,2005,11.03151
Texas,Crockett,Indirect,2005,5.078934
Texas,Crockett,Indirect,2006,7.082376
Texas,Crockett,Indirect,2006,6.084215
Texas,Crockett,Indirect,2007,4.327512
Texas,Crockett,Indirect,2007,3.832668
Texas,Crockett,Indirect,2008,6.10932
Texas,Crockett,Indirect,2008,3.80121
Texas,Crockett,Indirect,2009,4.6767
Texas,Crockett,Indirect,2009,1.693272
Texas,Crockett,Indirect,2010,5.507964
Texas,Crockett,Indirect,2010,0.8946
Texas,Crockett,Indirect,2011,16.207212
Texas,Crockett,Indirect,2011,3.195696
Texas,Crockett,Indirect,2012,33.549642
Texas,Crockett,Indirect,2012,5.414724
Texas,Crockett,Indirect,2013,33.332902
Texas,Crockett,Indirect,2013,5.025132
Texas,Crockett,Indirect,2014,25.889512
Texas,Crockett,Indirect,2014,5.716368
Texas,Crockett,Indirect,2015,6.95919
Texas,Crockett,Indirect,2015,1.678614
Texas,Crockett,Indirect,2016,8.31642
Texas,Crockett,Indirect,2016,1.8396
Texas,Crockett,Indirect,2017,6.16686
Texas,Crockett,Indirect,2017,3.654
Texas,Culberson,Indirect,1981,0.2016
Texas,Culberson,Indirect,1982,0.1
Texas,Culberson,Indirect,1983,0.1
Texas,Culberson,Indirect,1984,0.012
Texas,Dawson,Indirect,1981,2.4808
Texas,Dawson,Indirect,1981,0.12
Texas,Dawson,Indirect,1982,2.5149
Texas,Dawson,Indirect,1982,0.12
Texas,Dawson,Indirect,1983,2.5171
Texas,Dawson,Indirect,1983,0.12
Texas,Dawson,Indirect,1984,3.6792
Texas,Dawson,Indirect,1985,11.072796
Texas,Dawson,Indirect,1985,3.6792
Texas,Dawson,Indirect,1986,6.72
Texas,Dawson,Indirect,1987,12.01179
Texas,Dawson,Indirect,1988,8.310624
Texas,Dawson,Indirect,1989,6.5306
Texas,Dawson,Indirect,1990,14.4716
Texas,Dawson,Indirect,1991,7.5601
Texas,Dawson,Indirect,1992,7.5438
Texas,Dawson,Indirect,1993,9.7611
Texas,Dawson,Indirect,1994,12.725898
Texas,Dawson,Indirect,1995,8.76303
Texas,Dawson,Indirect,1996,8.713728
Texas,Dawson,Indirect,1997,9.777006
Texas,Dawson,Indirect,1998,6.777498
Texas,Dawson,Indirect,1999,4.078338
Texas,Dawson,Indirect,2000,10.523736
Texas,Dawson,Indirect,2001,8.232978
Texas,Dawson,Indirect,2002,6.997062
Texas,Dawson,Indirect,2003,11.195322
Texas,Dawson,Indirect,2004,10.026352
Texas,Dawson,Indirect,2005,11.805444
Texas,Dawson,Indirect,2006,14.510622
Texas,Dawson,Indirect,2007,14.93436
Texas,Dawson,Indirect,2007,12.781944
Texas,Dawson,Indirect,2008,9.028614
Texas,Dawson,Indirect,2009,9.028614
Texas,Dawson,Indirect,2010,9.028614
Texas,Dawson,Indirect,2011,9.028614
Texas,Dawson,Indirect,2012,14.431494
Texas,Dawson,Indirect,2013,14.431494
Texas,Dawson,Indirect,2014,14.431494
Texas,Dawson,Indirect,2015,14.431494
Texas,Dawson,Indirect,2016,1.61427
Texas,Dawson,Indirect,2017,1.14156
Texas,Dawson,Indirect,2018,1.9782
Texas,Ector,Indirect,1981,509.594215
Texas,Ector,Indirect,1981,98.865572
Texas,Ector,Indirect,1981,1.31
Texas,Ector,Indirect,1981,1.1
Texas,Ector,Indirect,1982,205.351
Texas,Ector,Indirect,1982,96.758706
Texas,Ector,Indirect,1982,1.025
Texas,Ector,Indirect,1982,0.305
Texas,Ector,Indirect,1983,414.699985
Texas,Ector,Indirect,1983,101.96386
Texas,Ector,Indirect,1983,8.66949
Texas,Ector,Indirect,1983,0.152
Texas,Ector,Indirect,1984,380.348424
Texas,Ector,Indirect,1984,122.17072
Texas,Ector,Indirect,1984,29.851238
Texas,Ector,Indirect,1984,12.497014
Texas,Ector,Indirect,1984,0.008148
Texas,Ector,Indirect,1985,409.998862
Texas,Ector,Indirect,1985,109.257169
Texas,Ector,Indirect,1985,32.11541
Texas,Ector,Indirect,1985,22.534974
Texas,Ector,Indirect,1985,14.895194
Texas,Ector,Indirect,1985,0.007685
Texas,Ector,Indirect,1986,400.440972
Texas,Ector,Indirect,1986,104.161669
Texas,Ector,Indirect,1986,25.433562
Texas,Ector,Indirect,1986,13.485302
Texas,Ector,Indirect,1986,0.1344
Texas,Ector,Indirect,1986,0.0252
Texas,Ector,Indirect,1986,0.001566
Texas,Ector,Indirect,1987,358.405976
Texas,Ector,Indirect,1987,81.535376
Texas,Ector,Indirect,1987,11.335526
Texas,Ector,Indirect,1987,6.666
Texas,Ector,Indirect,1987,0.0336
Texas,Ector,Indirect,1988,369.202314
Texas,Ector,Indirect,1988,170.2944
Texas,Ector,Indirect,1988,26.160036
Texas,Ector,Indirect,1988,2.982718
Texas,Ector,Indirect,1988,0.01575
Texas,Ector,Indirect,1989,141.912
Texas,Ector,Indirect,1989,27.9387
Texas,Ector,Indirect,1989,5.662
Texas,Ector,Indirect,1989,0.021
Texas,Ector,Indirect,1990,130.086
Texas,Ector,Indirect,1990,27.8195
Texas,Ector,Indirect,1990,14.745
Texas,Ector,Indirect,1990,0.0192
Texas,Ector,Indirect,1991,141.912
Texas,Ector,Indirect,1991,29.3408
Texas,Ector,Indirect,1991,12.9864
Texas,Ector,Indirect,1991,0.0323
Texas,Ector,Indirect,1992,97.9489
Texas,Ector,Indirect,1992,42.9566
Texas,Ector,Indirect,1992,3.7197
Texas,Ector,Indirect,1992,0.5928
Texas,Ector,Indirect,1992,0.0378
Texas,Ector,Indirect,1993,97.9489
Texas,Ector,Indirect,1993,38.5356
Texas,Ector,Indirect,1993,6.7811
Texas,Ector,Indirect,1993,0.75
Texas,Ector,Indirect,1993,0.021
Texas,Ector,Indirect,1994,97.9489
Texas,Ector,Indirect,1994,60.3736
Texas,Ector,Indirect,1994,6.19374
Texas,Ector,Indirect,1994,0.456
Texas,Ector,Indirect,1995,97.9489
Texas,Ector,Indirect,1995,35.034538
Texas,Ector,Indirect,1995,3.816246
Texas,Ector,Indirect,1995,0.525699
Texas,Ector,Indirect,1996,91.379
Texas,Ector,Indirect,1996,11.197391
Texas,Ector,Indirect,1996,3.197376
Texas,Ector,Indirect,1996,0.5108
Texas,Ector,Indirect,1997,163.556111
Texas,Ector,Indirect,1997,44.870474
Texas,Ector,Indirect,1997,10.95655
Texas,Ector,Indirect,1997,3.53577
Texas,Ector,Indirect,1997,0.5
Texas,Ector,Indirect,1998,300.387273
Texas,Ector,Indirect,1998,3.184146
Texas,Ector,Indirect,1998,1.14951
Texas,Ector,Indirect,1998,0.468052
Texas,Ector,Indirect,1999,300.387273
Texas,Ector,Indirect,1999,31.610554
Texas,Ector,Indirect,1999,4.339902
Texas,Ector,Indirect,1999,0.504391
Texas,Ector,Indirect,2000,31.610554
Texas,Ector,Indirect,2000,7.85986
Texas,Ector,Indirect,2000,0.511965
Texas,Ector,Indirect,2001,31.607547
Texas,Ector,Indirect,2001,7.85986
Texas,Ector,Indirect,2001,0.455657
Texas,Ector,Indirect,2002,31.607547
Texas,Ector,Indirect,2002,4.356156
Texas,Ector,Indirect,2002,0.27616
Texas,Ector,Indirect,2003,31.607547
Texas,Ector,Indirect,2003,4.356156
Texas,Ector,Indirect,2003,0.58017
Texas,Ector,Indirect,2004,31.607547
Texas,Ector,Indirect,2004,4.356156
Texas,Ector,Indirect,2004,0.402
Texas,Ector,Indirect,2005,31.607547
Texas,Ector,Indirect,2005,4.356156
Texas,Ector,Indirect,2005,0.402
Texas,Ector,Indirect,2006,31.607547
Texas,Ector,Indirect,2006,4.356156
Texas,Ector,Indirect,2006,0.402
Texas,Ector,Indirect,2007,4.356156
Texas,Ector,Indirect,2007,3.800052
Texas,Ector,Indirect,2007,0.402
Texas,Ector,Indirect,2008,4.356156
Texas,Ector,Indirect,2008,3.800052
Texas,Ector,Indirect,2008,0.402
Texas,Ector,Indirect,2009,4.356156
Texas,Ector,Indirect,2009,3.800052
Texas,Ector,Indirect,2009,0.402
Texas,Ector,Indirect,2009,0.02
Texas,Ector,Indirect,2010,4.356156
Texas,Ector,Indirect,2010,3.7985
Texas,Ector,Indirect,2011,4.356156
Texas,Ector,Indirect,2011,3.7986
Texas,Ector,Indirect,2012,4.356156
Texas,Ector,Indirect,2012,3.8197
Texas,Ector,Indirect,2013,4.356156
Texas,Ector,Indirect,2013,3.8328
Texas,Ector,Indirect,2014,4.356156
Texas,Ector,Indirect,2014,3.785
Texas,Ector,Indirect,2015,4.356156
Texas,Ector,Indirect,2015,3.7945
Texas,Ector,Indirect,2016,3.7945
Texas,Edwards,Indirect,1981,3.5
Texas,Edwards,Indirect,1982,3.5
Texas,Edwards,Indirect,1983,3.5
Texas,Edwards,Indirect,1984,3.5
Texas,Edwards,Indirect,1985,3.5
Texas,Edwards,Indirect,1986,1.75
Texas,Edwards,Indirect,1989,0.0012
Texas,Edwards,Indirect,1990,0.022
Texas,Gaines,Indirect,1981,326.258646
Texas,Gaines,Indirect,1981,322.593222
Texas,Gaines,Indirect,1981,31.602
Texas,Gaines,Indirect,1981,6.66
Texas,Gaines,Indirect,1982,359.478217
Texas,Gaines,Indirect,1982,311.72434
Texas,Gaines,Indirect,1982,31.612
Texas,Gaines,Indirect,1982,17.5
Texas,Gaines,Indirect,1982,6.5
Texas,Gaines,Indirect,1983,342.619536
Texas,Gaines,Indirect,1983,313.86642
Texas,Gaines,Indirect,1983,31.612
Texas,Gaines,Indirect,1983,24.983
Texas,Gaines,Indirect,1983,18.395988
Texas,Gaines,Indirect,1983,10
Texas,Gaines,Indirect,1984,260.10075
Texas,Gaines,Indirect,1984,31.612
Texas,Gaines,Indirect,1984,25.5
Texas,Gaines,Indirect,1984,18.350893
Texas,Gaines,Indirect,1984,10
Texas,Gaines,Indirect,1984,0.073478
Texas,Gaines,Indirect,1985,279.2
Texas,Gaines,Indirect,1985,51.84
Texas,Gaines,Indirect,1985,34.884
Texas,Gaines,Indirect,1985,31.612
Texas,Gaines,Indirect,1985,0.5
Texas,Gaines,Indirect,1985,0.075
Texas,Gaines,Indirect,1986,389.6
Texas,Gaines,Indirect,1986,35.004
Texas,Gaines,Indirect,1986,31.612
Texas,Gaines,Indirect,1986,1.728
Texas,Gaines,Indirect,1986,0.5
Texas,Gaines,Indirect,1986,0.075
Texas,Gaines,Indirect,1987,481.391106
Texas,Gaines,Indirect,1987,31.612
Texas,Gaines,Indirect,1987,2.459028
Texas,Gaines,Indirect,1987,0.5
Texas,Gaines,Indirect,1987,0.075
Texas,Gaines,Indirect,1987,0.0576
Texas,Gaines,Indirect,1988,358.78248
Texas,Gaines,Indirect,1988,31.612
Texas,Gaines,Indirect,1988,7.44
Texas,Gaines,Indirect,1988,2.459028
Texas,Gaines,Indirect,1988,0.5
Texas,Gaines,Indirect,1989,203.6016
Texas,Gaines,Indirect,1989,31.612
Texas,Gaines,Indirect,1989,15.768
Texas,Gaines,Indirect,1989,2.4588
Texas,Gaines,Indirect,1989,0.5004
Texas,Gaines,Indirect,1990,172.0005
Texas,Gaines,Indirect,1990,103.2
Texas,Gaines,Indirect,1990,7.98
Texas,Gaines,Indirect,1990,2.4588
Texas,Gaines,Indirect,1990,0.5004
Texas,Gaines,Indirect,1991,130.5839
Texas,Gaines,Indirect,1991,31.612
Texas,Gaines,Indirect,1991,2.4588
Texas,Gaines,Indirect,1991,1.825
Texas,Gaines,Indirect,1991,0.4
Texas,Gaines,Indirect,1992,95.9384
Texas,Gaines,Indirect,1992,31.612
Texas,Gaines,Indirect,1992,9.9996
Texas,Gaines,Indirect,1992,2.4588
Texas,Gaines,Indirect,1992,1.032
Texas,Gaines,Indirect,1993,103.2
Texas,Gaines,Indirect,1993,31.612
Texas,Gaines,Indirect,1993,2.4588
Texas,Gaines,Indirect,1993,0.36
Texas,Gaines,Indirect,1994,35.8
Texas,Gaines,Indirect,1994,31.612
Texas,Gaines,Indirect,1994,2.459028
Texas,Gaines,Indirect,1995,31.612
Texas,Gaines,Indirect,1995,2.459028
Texas,Gaines,Indirect,1995,0.0798
Texas,Gaines,Indirect,1996,31.612
Texas,Gaines,Indirect,1996,2.459028
Texas,Gaines,Indirect,1996,0.0462
Texas,Gaines,Indirect,1997,31.612
Texas,Gaines,Indirect,1997,2.459028
Texas,Gaines,Indirect,1998,31.612
Texas,Gaines,Indirect,1998,2.459028
Texas,Gaines,Indirect,1999,18
Texas,Gaines,Indirect,2010,367.92
Texas,Gaines,Indirect,2011,328.8327
Texas,Gaines,Indirect,2012,271.819884
Texas,Gaines,Indirect,2013,234.569336
Texas,Gaines,Indirect,2014,248.128902
Texas,Gaines,Indirect,2015,279.7179
Texas,Gaines,Indirect,2016,289.5165
Texas,Gaines,Indirect,2017,227.112144
Texas,Gaines,Indirect,2018,607.611614
Texas,Gaines,Indirect,2018,227.118115
Texas,Garza,Indirect,1986,0.144
Texas,Garza,Indirect,1986,0.144
Texas,Garza,Indirect,1987,0.144
Texas,Garza,Indirect,1987,0.144
Texas,Garza,Indirect,1988,0.144
Texas,Garza,Indirect,1988,0.144
Texas,Garza,Indirect,1989,0.1008
Texas,Garza,Indirect,1990,0.1008
Texas,Garza,Indirect,1991,1.1008
Texas,Garza,Indirect,1992,6
Texas,Garza,Indirect,1993,0.006
Texas,Glasscock,Indirect,1984,0.4
Texas,Glasscock,Indirect,1985,0.58
Texas,Glasscock,Indirect,1986,0.58
Texas,Glasscock,Indirect,1987,0.24
Texas,Glasscock,Indirect,1988,2.17
Texas,Glasscock,Indirect,1988,0.24
Texas,Glasscock,Indirect,1989,2.17
Texas,Glasscock,Indirect,1989,0.24
Texas,Glasscock,Indirect,1990,2.076
Texas,Glasscock,Indirect,1990,0.9928
Texas,Glasscock,Indirect,1991,1.689
Texas,Glasscock,Indirect,1991,1.1888
Texas,Glasscock,Indirect,1992,1.375
Texas,Glasscock,Indirect,1992,0.5725
Texas,Glasscock,Indirect,1993,1.32
Texas,Glasscock,Indirect,1993,1.0214
Texas,Glasscock,Indirect,1994,1.05738
Texas,Glasscock,Indirect,1995,0.699071
Texas,Glasscock,Indirect,1995,0.358995
Texas,Glasscock,Indirect,1997,0.03
Texas,Glasscock,Indirect,1998,0.03
Texas,Glasscock,Indirect,1999,0.03
Texas,Glasscock,Indirect,2000,0.03
Texas,Hale,Indirect,1981,2.85932
Texas,Hale,Indirect,1982,2.8584
Texas,Hale,Indirect,1983,2.8582
Texas,Hale,Indirect,1984,2.858
Texas,Hale,Indirect,1985,1.7148
Texas,Hale,Indirect,1986,0.096
Texas,Hockley,Indirect,1981,57.69766
Texas,Hockley,Indirect,1982,60.273839
Texas,Hockley,Indirect,1983,60.874306
Texas,Hockley,Indirect,1984,40.476943
Texas,Hockley,Indirect,1985,21.2112
Texas,Hockley,Indirect,1986,19.6363
Texas,Hockley,Indirect,1987,22.863
Texas,Hockley,Indirect,1988,21.96
Texas,Hockley,Indirect,1988,3.092897
Texas,Hockley,Indirect,1989,13.7458
Texas,Hockley,Indirect,1989,3.3
Texas,Hockley,Indirect,1990,1.405
Texas,Hockley,Indirect,1990,0.72
Texas,Hockley,Indirect,1991,6.4162
Texas,Hockley,Indirect,1991,1.38
Texas,Hockley,Indirect,1992,6.7575
Texas,Hockley,Indirect,1992,1.4016
Texas,Hockley,Indirect,1993,14.7
Texas,Hockley,Indirect,1993,2.1384
Texas,Hockley,Indirect,1994,18.305334
Texas,Hockley,Indirect,1994,2.14536
Texas,Hockley,Indirect,1995,6.495106
Texas,Hockley,Indirect,1995,2.1469
Texas,Hockley,Indirect,1996,2.164916
Texas,Hockley,Indirect,1996,1.956
Texas,Hockley,Indirect,1997,2.162451
Texas,Hockley,Indirect,1997,0.002092
Texas,Hockley,Indirect,1998,0.166
Texas,Hockley,Indirect,1998,0.0024
Texas,Hockley,Indirect,1999,0.166
Texas,Hockley,Indirect,1999,0.0024
Texas,Hockley,Indirect,2000,0.0024
Texas,Hockley,Indirect,2001,0.0024
Texas,Hockley,Indirect,2002,0.0024
Texas,Hockley,Indirect,2003,0.0024
Texas,Hockley,Indirect,2004,0.0024
Texas,Hockley,Indirect,2005,0.0024
Texas,Hockley,Indirect,2006,0.0024
Texas,Hockley,Indirect,2007,0.0024
Texas,Howard,Indirect,1985,15.344574
Texas,Howard,Indirect,1986,10.206
Texas,Howard,Indirect,1987,8.373834
Texas,Howard,Indirect,1988,12.673962
Texas,Howard,Indirect,1989,5.5789
Texas,Howard,Indirect,1990,7.8423
Texas,Howard,Indirect,1991,8.226
Texas,Howard,Indirect,1992,2.938
Texas,Howard,Indirect,1993,4.0946
Texas,Howard,Indirect,1994,4.560804
Texas,Howard,Indirect,1995,6.29916
Texas,Howard,Indirect,1996,8.984346
Texas,Howard,Indirect,1997,1.74531
Texas,Howard,Indirect,1998,6.0312
Texas,Howard,Indirect,1999,0.045
Texas,Howard,Indirect,2000,0.03
Texas,Howard,Indirect,2001,0.024
Texas,Howard,Indirect,2002,0.519318
Texas,Howard,Indirect,2003,0.344
Texas,Howard,Indirect,2004,0.187
Texas,Howard,Indirect,2005,0.642642
Texas,Howard,Indirect,2006,253.744884
Texas,Howard,Indirect,2006,0.4723
Texas,Howard,Indirect,2007,0.4723
Texas,Howard,Indirect,2008,0.4723
Texas,Howard,Indirect,2009,0.4723
Texas,Howard,Indirect,2010,0.48
Texas,Howard,Indirect,2011,0.48
Texas,Howard,Indirect,2012,0.48
Texas,Howard,Indirect,2013,0.48
Texas,Howard,Indirect,2014,0.29
Texas,Howard,Indirect,2015,0.3311
Texas,Howard,Indirect,2016,0.2543
Texas,Howard,Indirect,2017,0.244529
Texas,Howard,Indirect,2018,0.367584
Texas,Irion,Indirect,1981,0.844237
Texas,Irion,Indirect,1982,1.129883
Texas,Irion,Indirect,1983,0.936285
Texas,Irion,Indirect,1984,1.592637
Texas,Irion,Indirect,1984,0.0357
Texas,Irion,Indirect,1985,0.684728
Texas,Irion,Indirect,1985,0.0357
Texas,Irion,Indirect,1986,0.952966
Texas,Irion,Indirect,1987,0.33063
Texas,Irion,Indirect,1988,0.198336
Texas,Irion,Indirect,1989,0.6858
Texas,Kent,Indirect,2004,0.227
Texas,Kent,Indirect,2005,7.690964
Texas,Kent,Indirect,2006,80.111262
Texas,Kent,Indirect,2007,88.326378
Texas,Kent,Indirect,2008,149.551836
Texas,Kent,Indirect,2018,0.602032
Texas,Loving,Indirect,1981,2.82
Texas,Loving,Indirect,1982,2.5
Texas,Loving,Indirect,1983,0.05
Texas,Loving,Indirect,1984,0.2331
Texas,Loving,Indirect,1985,0.22
Texas,Loving,Indirect,1986,0.22
Texas,Loving,Indirect,1987,0.22
Texas,Loving,Indirect,1988,0.547
Texas,Loving,Indirect,1989,0.5472
Texas,Loving,Indirect,1990,0.549
Texas,Loving,Indirect,1991,0.549
Texas,Loving,Indirect,1992,0.2748
Texas,Martin,Indirect,1981,3.2
Texas,Martin,Indirect,1981,0.2
Texas,Martin,Indirect,1982,3.2
Texas,Martin,Indirect,1982,0.2
Texas,Martin,Indirect,1983,3.2
Texas,Martin,Indirect,1983,0.2
Texas,Martin,Indirect,1984,1.031
Texas,Martin,Indirect,1984,0.144
Texas,Martin,Indirect,1985,12.842908
Texas,Martin,Indirect,1985,3.2752
Texas,Martin,Indirect,1985,0.144
Texas,Martin,Indirect,1986,7.323
Texas,Martin,Indirect,1986,3.275
Texas,Martin,Indirect,1986,0.144
Texas,Martin,Indirect,1987,5.971854
Texas,Martin,Indirect,1987,3.275
Texas,Martin,Indirect,1987,0.144
Texas,Martin,Indirect,1988,5.544546
Texas,Martin,Indirect,1988,3.305
Texas,Martin,Indirect,1988,0.144
Texas,Martin,Indirect,1989,6.1396
Texas,Martin,Indirect,1989,3.305
Texas,Martin,Indirect,1989,0.144
Texas,Martin,Indirect,1990,9.9222
Texas,Martin,Indirect,1990,2.891
Texas,Martin,Indirect,1990,0.144
Texas,Martin,Indirect,1991,5.1908
Texas,Martin,Indirect,1991,2.891
Texas,Martin,Indirect,1992,2.7443
Texas,Martin,Indirect,1992,2.277
Texas,Martin,Indirect,1993,8.6355
Texas,Martin,Indirect,1993,2.252
Texas,Martin,Indirect,1994,13.318518
Texas,Martin,Indirect,1994,2.204
Texas,Martin,Indirect,1995,14.36961
Texas,Martin,Indirect,1995,2.204
Texas,Martin,Indirect,1996,10.240268
Texas,Martin,Indirect,1996,2.203
Texas,Martin,Indirect,1997,14.324034
Texas,Martin,Indirect,1997,2.204
Texas,Martin,Indirect,1998,9.153828
Texas,Martin,Indirect,1998,2.204
Texas,Martin,Indirect,1999,8.250774
Texas,Martin,Indirect,1999,2.204
Texas,Martin,Indirect,2000,11.034858
Texas,Martin,Indirect,2000,2.204
Texas,Martin,Indirect,2001,14.004978
Texas,Martin,Indirect,2001,2.215787
Texas,Martin,Indirect,2002,4.584961
Texas,Martin,Indirect,2002,1.35587
Texas,Martin,Indirect,2003,5.875362
Texas,Martin,Indirect,2003,1.35587
Texas,Martin,Indirect,2004,6.596221
Texas,Martin,Indirect,2004,1.35587
Texas,Martin,Indirect,2005,11.581122
Texas,Martin,Indirect,2006,17.399886
Texas,Martin,Indirect,2008,14.407386
Texas,Martin,Indirect,2009,14.407386
Texas,Martin,Indirect,2010,14.407386
Texas,Martin,Indirect,2011,14.407386
Texas,Martin,Indirect,2012,14.407386
Texas,Martin,Indirect,2013,14.407386
Texas,Martin,Indirect,2014,14.407386
Texas,Martin,Indirect,2015,14.407386
Texas,Martin,Indirect,2016,1.28
Texas,Martin,Indirect,2017,1.33476
Texas,Midland,Indirect,1981,50.5
Texas,Midland,Indirect,1981,27.792
Texas,Midland,Indirect,1981,16.655688
Texas,Midland,Indirect,1981,0.261
Texas,Midland,Indirect,1982,49.7
Texas,Midland,Indirect,1982,33.058
Texas,Midland,Indirect,1982,20.937192
Texas,Midland,Indirect,1982,0.271
Texas,Midland,Indirect,1983,46.1
Texas,Midland,Indirect,1983,42.34226
Texas,Midland,Indirect,1983,18.717026
Texas,Midland,Indirect,1983,0.271
Texas,Midland,Indirect,1984,46.1
Texas,Midland,Indirect,1984,28.4143
Texas,Midland,Indirect,1984,24.143836
Texas,Midland,Indirect,1984,0.269
Texas,Midland,Indirect,1985,28.3974
Texas,Midland,Indirect,1985,26.591
Texas,Midland,Indirect,1985,20.805718
Texas,Midland,Indirect,1985,0.29
Texas,Midland,Indirect,1986,30.9883
Texas,Midland,Indirect,1986,28.3974
Texas,Midland,Indirect,1986,18.517918
Texas,Midland,Indirect,1986,1.628
Texas,Midland,Indirect,1986,0.284
Texas,Midland,Indirect,1987,44.14463
Texas,Midland,Indirect,1987,28.3974
Texas,Midland,Indirect,1987,27.742638
Texas,Midland,Indirect,1987,1.52
Texas,Midland,Indirect,1987,0.272
Texas,Midland,Indirect,1988,39.879664
Texas,Midland,Indirect,1988,28.3974
Texas,Midland,Indirect,1988,21.734098
Texas,Midland,Indirect,1988,1.29854
Texas,Midland,Indirect,1988,0.281
Texas,Midland,Indirect,1989,39.9996
Texas,Midland,Indirect,1989,28.3962
Texas,Midland,Indirect,1989,20.2257
Texas,Midland,Indirect,1989,1.315
Texas,Midland,Indirect,1989,0.245
Texas,Midland,Indirect,1990,45
Texas,Midland,Indirect,1990,28.395
Texas,Midland,Indirect,1990,19.3274
Texas,Midland,Indirect,1990,1.3294
Texas,Midland,Indirect,1990,0.268
Texas,Midland,Indirect,1991,30.428
Texas,Midland,Indirect,1991,28.3956
Texas,Midland,Indirect,1991,16.2495
Texas,Midland,Indirect,1991,1.27
Texas,Midland,Indirect,1991,0.293
Texas,Midland,Indirect,1992,28.3294
Texas,Midland,Indirect,1992,26.9757
Texas,Midland,Indirect,1992,18.7
Texas,Midland,Indirect,1992,1.0368
Texas,Midland,Indirect,1992,0.287
Texas,Midland,Indirect,1993,26.9757
Texas,Midland,Indirect,1993,23.9234
Texas,Midland,Indirect,1993,19.0944
Texas,Midland,Indirect,1993,0.7879
Texas,Midland,Indirect,1993,0.294
Texas,Midland,Indirect,1994,26.97582
Texas,Midland,Indirect,1994,19.327435
Texas,Midland,Indirect,1994,18.32684
Texas,Midland,Indirect,1994,4.9582
Texas,Midland,Indirect,1994,0.294
Texas,Midland,Indirect,1995,26.97582
Texas,Midland,Indirect,1995,19.327685
Texas,Midland,Indirect,1995,13.76862
Texas,Midland,Indirect,1995,0.266
Texas,Midland,Indirect,1995,0.054
Texas,Midland,Indirect,1996,26.97582
Texas,Midland,Indirect,1996,18
Texas,Midland,Indirect,1996,0.54342
Texas,Midland,Indirect,1996,0.277
Texas,Midland,Indirect,1996,0.045783
Texas,Midland,Indirect,1997,26.97582
Texas,Midland,Indirect,1997,1.8
Texas,Midland,Indirect,1997,0.5297
Texas,Midland,Indirect,1997,0.277
Texas,Midland,Indirect,1997,0.100862
Texas,Midland,Indirect,1998,1.8
Texas,Midland,Indirect,1998,0.48745
Texas,Midland,Indirect,1998,0.4628
Texas,Midland,Indirect,1998,0.277
Texas,Midland,Indirect,1998,0.0168
Texas,Midland,Indirect,1999,24.192
Texas,Midland,Indirect,1999,0.48861
Texas,Midland,Indirect,1999,0.4628
Texas,Midland,Indirect,1999,0.287
Texas,Midland,Indirect,1999,0.0168
Texas,Midland,Indirect,2000,0.4628
Texas,Midland,Indirect,2001,179.38305
Texas,Midland,Indirect,2001,0.4628
Texas,Midland,Indirect,2002,356.024774
Texas,Midland,Indirect,2002,0.4628
Texas,Midland,Indirect,2003,212.362836
Texas,Midland,Indirect,2003,0.4628
Texas,Midland,Indirect,2004,241.21944
Texas,Midland,Indirect,2004,0.4628
Texas,Midland,Indirect,2005,244.164388
Texas,Midland,Indirect,2005,0.4628
Texas,Midland,Indirect,2006,0.4628
Texas,Midland,Indirect,2007,190.662984
Texas,Midland,Indirect,2007,0.4628
Texas,Midland,Indirect,2008,190.662984
Texas,Midland,Indirect,2009,190.662984
Texas,Midland,Indirect,2010,190.662984
Texas,Midland,Indirect,2011,268.335
Texas,Midland,Indirect,2012,153.12
Texas,Midland,Indirect,2013,0.243971
Texas,Midland,Indirect,2014,0.223153
Texas,Midland,Indirect,2015,0.278693
Texas,Midland,Indirect,2016,0.255104
Texas,Midland,Indirect,2017,0.450392
Texas,Midland,Indirect,2018,0.450392
Texas,Pecos,Indirect,1981,11.14056
Texas,Pecos,Indirect,1981,10.401144
Texas,Pecos,Indirect,1981,5
Texas,Pecos,Indirect,1981,3.906
Texas,Pecos,Indirect,1981,2.458376
Texas,Pecos,Indirect,1981,1.40967
Texas,Pecos,Indirect,1981,1.3075
Texas,Pecos,Indirect,1981,1.15626
Texas,Pecos,Indirect,1981,0.473466
Texas,Pecos,Indirect,1981,0.290377
Texas,Pecos,Indirect,1981,0.080339
Texas,Pecos,Indirect,1982,10.31997
Texas,Pecos,Indirect,1982,6.7884
Texas,Pecos,Indirect,1982,6.716535
Texas,Pecos,Indirect,1982,5
Texas,Pecos,Indirect,1982,4.05625
Texas,Pecos,Indirect,1982,1.3406
Texas,Pecos,Indirect,1982,1.15626
Texas,Pecos,Indirect,1982,0.69269
Texas,Pecos,Indirect,1982,0.30198
Texas,Pecos,Indirect,1982,0.258984
Texas,Pecos,Indirect,1982,0.00872
Texas,Pecos,Indirect,1983,12.117647
Texas,Pecos,Indirect,1983,6.7884
Texas,Pecos,Indirect,1983,4.025
Texas,Pecos,Indirect,1983,3.77134
Texas,Pecos,Indirect,1983,2.033391
Texas,Pecos,Indirect,1983,1.3406
Texas,Pecos,Indirect,1983,1.268867
Texas,Pecos,Indirect,1983,1.1116
Texas,Pecos,Indirect,1983,0.341
Texas,Pecos,Indirect,1983,0.191593
Texas,Pecos,Indirect,1984,16.81902
Texas,Pecos,Indirect,1984,11.439288
Texas,Pecos,Indirect,1984,6.7884
Texas,Pecos,Indirect,1984,4.1
Texas,Pecos,Indirect,1984,3.64205
Texas,Pecos,Indirect,1984,1.9072769999999999
Texas,Pecos,Indirect,1984,1.3609
Texas,Pecos,Indirect,1984,1.22394
Texas,Pecos,Indirect,1984,0.388888
Texas,Pecos,Indirect,1984,0.0504
Texas,Pecos,Indirect,1984,0.0304
Texas,Pecos,Indirect,1984,0.0212
Texas,Pecos,Indirect,1985,12.997778
Texas,Pecos,Indirect,1985,6.7884
Texas,Pecos,Indirect,1985,6.76576
Texas,Pecos,Indirect,1985,4
Texas,Pecos,Indirect,1985,3.59743
Texas,Pecos,Indirect,1985,1.901704
Texas,Pecos,Indirect,1985,1.37318
Texas,Pecos,Indirect,1985,1.372
Texas,Pecos,Indirect,1985,0.533274
Texas,Pecos,Indirect,1985,0.06072
Texas,Pecos,Indirect,1986,23.00979
Texas,Pecos,Indirect,1986,12.276785
Texas,Pecos,Indirect,1986,8.60517
Texas,Pecos,Indirect,1986,6.7877
Texas,Pecos,Indirect,1986,4
Texas,Pecos,Indirect,1986,1.915
Texas,Pecos,Indirect,1986,1.3723
Texas,Pecos,Indirect,1986,1.02787
Texas,Pecos,Indirect,1986,0.616324
Texas,Pecos,Indirect,1986,0.06072
Texas,Pecos,Indirect,1986,0.0154
Texas,Pecos,Indirect,1987,15.683
Texas,Pecos,Indirect,1987,8.07992
Texas,Pecos,Indirect,1987,6.510042
Texas,Pecos,Indirect,1987,2.11762
Texas,Pecos,Indirect,1987,1.915
Texas,Pecos,Indirect,1987,1.687908
Texas,Pecos,Indirect,1987,1.0996
Texas,Pecos,Indirect,1987,1.03663
Texas,Pecos,Indirect,1987,0.360276
Texas,Pecos,Indirect,1987,0.00588
Texas,Pecos,Indirect,1988,13.839379
Texas,Pecos,Indirect,1988,6.492255
Texas,Pecos,Indirect,1988,3.5006
Texas,Pecos,Indirect,1988,2.529
Texas,Pecos,Indirect,1988,1.985994
Texas,Pecos,Indirect,1988,1.658565
Texas,Pecos,Indirect,1988,1.41148
Texas,Pecos,Indirect,1988,1.0722
Texas,Pecos,Indirect,1988,0.825216
Texas,Pecos,Indirect,1988,0.00588
Texas,Pecos,Indirect,1989,14.2527
Texas,Pecos,Indirect,1989,6.5796
Texas,Pecos,Indirect,1989,6.4922
Texas,Pecos,Indirect,1989,1.9862
Texas,Pecos,Indirect,1989,1.7599
Texas,Pecos,Indirect,1989,1.5545
Texas,Pecos,Indirect,1989,1.1857
Texas,Pecos,Indirect,1989,1.1425
Texas,Pecos,Indirect,1989,0.9521
Texas,Pecos,Indirect,1989,0.0069
Texas,Pecos,Indirect,1990,15.8068
Texas,Pecos,Indirect,1990,6.132
Texas,Pecos,Indirect,1990,2.003
Texas,Pecos,Indirect,1990,1.9473
Texas,Pecos,Indirect,1990,1.5059
Texas,Pecos,Indirect,1990,1.1857
Texas,Pecos,Indirect,1990,0.9243
Texas,Pecos,Indirect,1990,0.8934
Texas,Pecos,Indirect,1991,15.5133
Texas,Pecos,Indirect,1991,6.1308
Texas,Pecos,Indirect,1991,2.2871
Texas,Pecos,Indirect,1991,2.0446
Texas,Pecos,Indirect,1991,2.011
Texas,Pecos,Indirect,1991,1.1847
Texas,Pecos,Indirect,1991,1.1373
Texas,Pecos,Indirect,1991,0.9265
Texas,Pecos,Indirect,1992,17.171
Texas,Pecos,Indirect,1992,5.7649
Texas,Pecos,Indirect,1992,2.8956
Texas,Pecos,Indirect,1992,2.6207
Texas,Pecos,Indirect,1992,2.021
Texas,Pecos,Indirect,1992,1.8193
Texas,Pecos,Indirect,1992,1.2987
Texas,Pecos,Indirect,1992,0.8731
Texas,Pecos,Indirect,1992,0.7024
Texas,Pecos,Indirect,1993,16.5758
Texas,Pecos,Indirect,1993,6.2453
Texas,Pecos,Indirect,1993,3.7383
Texas,Pecos,Indirect,1993,2.795
Texas,Pecos,Indirect,1993,2.6403
Texas,Pecos,Indirect,1993,2.003
Texas,Pecos,Indirect,1993,0.909
Texas,Pecos,Indirect,1993,0.866
Texas,Pecos,Indirect,1993,0.1725
Texas,Pecos,Indirect,1994,15.95412
Texas,Pecos,Indirect,1994,6.387324
Texas,Pecos,Indirect,1994,5.40565
Texas,Pecos,Indirect,1994,1.985994
Texas,Pecos,Indirect,1994,1.21665
Texas,Pecos,Indirect,1994,1.20515
Texas,Pecos,Indirect,1994,1.177806
Texas,Pecos,Indirect,1994,1.069409
Texas,Pecos,Indirect,1994,0.2
Texas,Pecos,Indirect,1994,0.0126
Texas,Pecos,Indirect,1995,16.08621
Texas,Pecos,Indirect,1995,6.908151
Texas,Pecos,Indirect,1995,6.437056
Texas,Pecos,Indirect,1995,1.321071
Texas,Pecos,Indirect,1995,0.92358
Texas,Pecos,Indirect,1995,0.911662
Texas,Pecos,Indirect,1995,0.8978
Texas,Pecos,Indirect,1995,0.79969
Texas,Pecos,Indirect,1995,0.03024
Texas,Pecos,Indirect,1995,0.003
Texas,Pecos,Indirect,1996,21.12411
Texas,Pecos,Indirect,1996,5.232907
Texas,Pecos,Indirect,1996,1.616532
Texas,Pecos,Indirect,1996,1.046307
Texas,Pecos,Indirect,1996,0.9
Texas,Pecos,Indirect,1996,0.8531
Texas,Pecos,Indirect,1996,0.753606
Texas,Pecos,Indirect,1996,0.0125
Texas,Pecos,Indirect,1997,18.309732
Texas,Pecos,Indirect,1997,3.95284
Texas,Pecos,Indirect,1997,1.701114
Texas,Pecos,Indirect,1997,1.25625
Texas,Pecos,Indirect,1997,1.122366
Texas,Pecos,Indirect,1997,0.9
Texas,Pecos,Indirect,1997,0.85258
Texas,Pecos,Indirect,1998,20.024382
Texas,Pecos,Indirect,1998,1.926315
Texas,Pecos,Indirect,1998,1.65326
Texas,Pecos,Indirect,1998,1.2545
Texas,Pecos,Indirect,1998,0.87
Texas,Pecos,Indirect,1998,0.831
Texas,Pecos,Indirect,1998,0.776454
Texas,Pecos,Indirect,1999,19.21416
Texas,Pecos,Indirect,1999,1.845225
Texas,Pecos,Indirect,1999,1.565697
Texas,Pecos,Indirect,1999,1.554
Texas,Pecos,Indirect,1999,1.2545
Texas,Pecos,Indirect,1999,0.776454
Texas,Pecos,Indirect,1999,0.547
Texas,Pecos,Indirect,2000,1.869172
Texas,Pecos,Indirect,2000,1.554
Texas,Pecos,Indirect,2000,1.2545
Texas,Pecos,Indirect,2000,0.141745
Texas,Pecos,Indirect,2001,1.56545
Texas,Pecos,Indirect,2001,1.475
Texas,Pecos,Indirect,2001,0.58653
Texas,Pecos,Indirect,2001,0.0766
Texas,Pecos,Indirect,2002,1.132
Texas,Pecos,Indirect,2002,0.60072
Texas,Pecos,Indirect,2002,0.58653
Texas,Pecos,Indirect,2002,0.076
Texas,Pecos,Indirect,2003,0.9189
Texas,Pecos,Indirect,2003,0.654
Texas,Pecos,Indirect,2003,0.501
Texas,Pecos,Indirect,2004,0.9194
Texas,Pecos,Indirect,2004,0.654
Texas,Pecos,Indirect,2004,0.06
Texas,Pecos,Indirect,2005,0.9194
Texas,Pecos,Indirect,2005,0.654
Texas,Pecos,Indirect,2006,0.9194
Texas,Pecos,Indirect,2006,0.654
Texas,Pecos,Indirect,2007,0.909
Texas,Pecos,Indirect,2007,0.654
Texas,Pecos,Indirect,2008,0.654
Texas,Pecos,Indirect,2009,0.744
Texas,Pecos,Indirect,2018,154.29876
Texas,Pecos,Indirect,2018,22.371913
Texas,Reagan,Indirect,1981,120.274719
Texas,Reagan,Indirect,1981,78.78704
Texas,Reagan,Indirect,1982,84.512983
Texas,Reagan,Indirect,1982,65.96418
Texas,Reagan,Indirect,1982,0.455
Texas,Reagan,Indirect,1983,127.178657
Texas,Reagan,Indirect,1983,2.421006
Texas,Reagan,Indirect,1984,156.199652
Texas,Reagan,Indirect,1984,47.281832
Texas,Reagan,Indirect,1985,100.6898
Texas,Reagan,Indirect,1985,42.025623
Texas,Reagan,Indirect,1986,123.801557
Texas,Reagan,Indirect,1986,41.512406
Texas,Reagan,Indirect,1986,5.171
Texas,Reagan,Indirect,1987,145.446202
Texas,Reagan,Indirect,1987,37.07718
Texas,Reagan,Indirect,1988,136.93728
Texas,Reagan,Indirect,1988,33.196
Texas,Reagan,Indirect,1989,67.6798
Texas,Reagan,Indirect,1989,25.96
Texas,Reagan,Indirect,1990,27.6
Texas,Reagan,Indirect,1991,21.83
Texas,Reagan,Indirect,1992,21.83
Texas,Reagan,Indirect,1993,21.83
Texas,Reagan,Indirect,1994,21.83
Texas,Reagan,Indirect,1995,36.792
Texas,Reagan,Indirect,1996,22.235
Texas,Reagan,Indirect,1997,21.83
Texas,Reagan,Indirect,1998,21.645
Texas,Reagan,Indirect,1999,21.645
Texas,Reeves,Indirect,1985,0.199099
Texas,Reeves,Indirect,1986,4.667838
Texas,Reeves,Indirect,1987,0.113378
Texas,Reeves,Indirect,1988,1.786184
Texas,Reeves,Indirect,1989,3.8896
Texas,Reeves,Indirect,1990,3.5281
Texas,Reeves,Indirect,1991,1.6707
Texas,Reeves,Indirect,1992,1.2726
Texas,Reeves,Indirect,1993,2.1701
Texas,Reeves,Indirect,1994,0.428064
Texas,Reeves,Indirect,1997,7e-4
Texas,Reeves,Indirect,1998,7.6e-4
Texas,Schleicher,Indirect,1981,35.0906
Texas,Schleicher,Indirect,1981,0.432
Texas,Schleicher,Indirect,1982,35.775
Texas,Schleicher,Indirect,1982,0.731
Texas,Schleicher,Indirect,1983,32.3038
Texas,Schleicher,Indirect,1983,0.65
Texas,Schleicher,Indirect,1984,19.1838
Texas,Schleicher,Indirect,1984,0.555
Texas,Schleicher,Indirect,1984,0.0872
Texas,Schleicher,Indirect,1985,11.677
Texas,Schleicher,Indirect,1985,0.567
Texas,Schleicher,Indirect,1985,0.0872
Texas,Schleicher,Indirect,1986,13.2751
Texas,Schleicher,Indirect,1986,0.4032
Texas,Schleicher,Indirect,1986,0.096
Texas,Schleicher,Indirect,1986,0.084
Texas,Schleicher,Indirect,1987,12.9847
Texas,Schleicher,Indirect,1987,0.371
Texas,Schleicher,Indirect,1987,0.09
Texas,Schleicher,Indirect,1987,0.078
Texas,Schleicher,Indirect,1988,13.5876
Texas,Schleicher,Indirect,1988,0.797
Texas,Schleicher,Indirect,1988,0.0895
Texas,Schleicher,Indirect,1988,0.077
Texas,Schleicher,Indirect,1989,14.2402
Texas,Schleicher,Indirect,1989,1.044
Texas,Schleicher,Indirect,1989,0.18
Texas,Schleicher,Indirect,1989,0.071
Texas,Schleicher,Indirect,1990,13.4198
Texas,Schleicher,Indirect,1990,0.554
Texas,Schleicher,Indirect,1990,0.18
Texas,Schleicher,Indirect,1990,0.0144
Texas,Schleicher,Indirect,1991,19.0168
Texas,Schleicher,Indirect,1991,1.384
Texas,Schleicher,Indirect,1991,0.066
Texas,Schleicher,Indirect,1992,15.6164
Texas,Schleicher,Indirect,1992,0.9666
Texas,Schleicher,Indirect,1992,0.18
Texas,Schleicher,Indirect,1993,9.2643
Texas,Schleicher,Indirect,1993,0.651
Texas,Schleicher,Indirect,1993,0.18
Texas,Schleicher,Indirect,1994,9.9072
Texas,Schleicher,Indirect,1994,0.618
Texas,Schleicher,Indirect,1994,0.018
Texas,Schleicher,Indirect,1995,15.4324
Texas,Schleicher,Indirect,1995,0.414
Texas,Schleicher,Indirect,1995,0.324
Texas,Schleicher,Indirect,1996,14.4118
Texas,Schleicher,Indirect,1996,0.372
Texas,Schleicher,Indirect,1996,0.01944
Texas,Schleicher,Indirect,1997,6.168007
Texas,Schleicher,Indirect,1997,0.2963
Texas,Schleicher,Indirect,1997,0.03
Texas,Schleicher,Indirect,1998,5.4
Texas,Schleicher,Indirect,1998,0.3329
Texas,Schleicher,Indirect,1998,0.0205
Texas,Schleicher,Indirect,1999,5.4
Texas,Schleicher,Indirect,1999,0.3655
Texas,Schleicher,Indirect,1999,0.012
Texas,Schleicher,Indirect,2000,5.4
Texas,Schleicher,Indirect,2000,0.3655
Texas,Schleicher,Indirect,2000,0.0085
Texas,Schleicher,Indirect,2001,5.409127
Texas,Schleicher,Indirect,2001,0.358436
Texas,Schleicher,Indirect,2001,0.0145
Texas,Schleicher,Indirect,2002,5.4
Texas,Schleicher,Indirect,2002,0.226
Texas,Schleicher,Indirect,2002,0.0021
Texas,Schleicher,Indirect,2003,5.4
Texas,Schleicher,Indirect,2003,0.467
Texas,Schleicher,Indirect,2004,5.4
Texas,Schleicher,Indirect,2004,0.529
Texas,Schleicher,Indirect,2005,5.4
Texas,Schleicher,Indirect,2005,0.368
Texas,Schleicher,Indirect,2006,5.4
Texas,Schleicher,Indirect,2006,0.368
Texas,Schleicher,Indirect,2007,5.4
Texas,Scurry,Indirect,1981,126.192822
Texas,Scurry,Indirect,1981,43.91112
Texas,Scurry,Indirect,1981,41.62221
Texas,Scurry,Indirect,1981,18.522
Texas,Scurry,Indirect,1982,92.451036
Texas,Scurry,Indirect,1982,38.078379
Texas,Scurry,Indirect,1982,37.350936
Texas,Scurry,Indirect,1982,36.786
Texas,Scurry,Indirect,1983,98.2219
Texas,Scurry,Indirect,1983,45.065118
Texas,Scurry,Indirect,1983,36.886
Texas,Scurry,Indirect,1983,35.9765
Texas,Scurry,Indirect,1984,135.67576
Texas,Scurry,Indirect,1984,42.53151
Texas,Scurry,Indirect,1984,36.886
Texas,Scurry,Indirect,1984,16.362588
Texas,Scurry,Indirect,1985,65.247486
Texas,Scurry,Indirect,1985,40.11945
Texas,Scurry,Indirect,1985,2.194962
Texas,Scurry,Indirect,1986,61.042322
Texas,Scurry,Indirect,1986,36.886
Texas,Scurry,Indirect,1986,28.130881
Texas,Scurry,Indirect,1986,2.124654
Texas,Scurry,Indirect,1987,61.705863
Texas,Scurry,Indirect,1987,36.786
Texas,Scurry,Indirect,1987,27.710172
Texas,Scurry,Indirect,1987,1.691424
Texas,Scurry,Indirect,1988,73.431372
Texas,Scurry,Indirect,1988,36.786
Texas,Scurry,Indirect,1988,1.279866
Texas,Scurry,Indirect,1989,67.5849
Texas,Scurry,Indirect,1989,36.786
Texas,Scurry,Indirect,1989,0.8237
Texas,Scurry,Indirect,1990,40.189
Texas,Scurry,Indirect,1990,36.786
Texas,Scurry,Indirect,1990,0.8969
Texas,Scurry,Indirect,1991,44.192
Texas,Scurry,Indirect,1991,36.786
Texas,Scurry,Indirect,1991,0.8285
Texas,Scurry,Indirect,1992,64.9135
Texas,Scurry,Indirect,1992,36.786
Texas,Scurry,Indirect,1992,1.2315
Texas,Scurry,Indirect,1993,58.9158
Texas,Scurry,Indirect,1993,0.7218
Texas,Scurry,Indirect,1993,0.0365
Texas,Scurry,Indirect,1994,62.576662
Texas,Scurry,Indirect,1994,1.011506
Texas,Scurry,Indirect,1995,51.623066
Texas,Scurry,Indirect,1995,0.596017
Texas,Scurry,Indirect,1996,65.425086
Texas,Scurry,Indirect,1996,1.066715
Texas,Scurry,Indirect,1996,0.1825
Texas,Scurry,Indirect,1997,63.417315
Texas,Scurry,Indirect,1997,0.742265
Texas,Scurry,Indirect,1997,0.1987
Texas,Scurry,Indirect,1998,55.184934
Texas,Scurry,Indirect,1998,1.011919
Texas,Scurry,Indirect,1999,55.184934
Texas,Scurry,Indirect,1999,1.011919
Texas,Sterling,Indirect,1981,10.368
Texas,Sterling,Indirect,1982,10.368
Texas,Sterling,Indirect,1982,0.284
Texas,Sterling,Indirect,1983,10.368
Texas,Sterling,Indirect,1983,0.3193
Texas,Sterling,Indirect,1984,10.512
Texas,Sterling,Indirect,1985,10.368
Texas,Sterling,Indirect,1986,10.368
Texas,Sterling,Indirect,1987,10.368
Texas,Sterling,Indirect,1988,10.368
Texas,Sterling,Indirect,1989,10.368
Texas,Sterling,Indirect,1989,0.15
Texas,Sterling,Indirect,1990,9
Texas,Sterling,Indirect,1990,0.73
Texas,Sterling,Indirect,1991,9
Texas,Sterling,Indirect,1991,0.6925
Texas,Sterling,Indirect,1992,7
Texas,Sterling,Indirect,1992,0.5177
Texas,Sterling,Indirect,1993,9
Texas,Sterling,Indirect,1993,0.444
Texas,Sterling,Indirect,1994,2.1
Texas,Sterling,Indirect,1994,0.67411
Texas,Sterling,Indirect,1995,1.2
Texas,Sterling,Indirect,1995,1.054815
Texas,Sterling,Indirect,1996,0.54
Texas,Sutton,Indirect,1981,3.5
Texas,Sutton,Indirect,1981,0.036
Texas,Sutton,Indirect,1981,0.022
Texas,Sutton,Indirect,1982,3.5
Texas,Sutton,Indirect,1982,0.18
Texas,Sutton,Indirect,1983,3.5
Texas,Sutton,Indirect,1983,0.096
Texas,Sutton,Indirect,1984,3.4
Texas,Sutton,Indirect,1984,0.143
Texas,Sutton,Indirect,1985,3.4
Texas,Sutton,Indirect,1985,0.0129
Texas,Sutton,Indirect,1986,3.5
Texas,Sutton,Indirect,1987,0.4572
Texas,Sutton,Indirect,1988,0.4572
Texas,Sutton,Indirect,1989,0.4572
Texas,Sutton,Indirect,1990,0.4572
Texas,Sutton,Indirect,1992,1.296
Texas,Sutton,Indirect,1993,1.296
Texas,Sutton,Indirect,1994,0.24
Texas,Sutton,Indirect,1995,0.12
Texas,Sutton,Indirect,1996,0.12
Texas,Sutton,Indirect,1997,0.12
Texas,Sutton,Indirect,1998,0.12
Texas,Sutton,Indirect,1999,0.12
Texas,Terrell,Indirect,2000,1.596875
Texas,Terrell,Indirect,2001,1.596875
Texas,Terrell,Indirect,2002,1.596875
Texas,Terrell,Indirect,2003,1.596875
Texas,Terrell,Indirect,2004,1.4783
Texas,Terrell,Indirect,2005,1.438
Texas,Terrell,Indirect,2006,1.494
Texas,Terrell,Indirect,2007,1.439
Texas,Terrell,Indirect,2008,1.443
Texas,Terrell,Indirect,2009,1.443
Texas,Terrell,Indirect,2010,1.39
Texas,Terrell,Indirect,2011,2.945
Texas,Terrell,Indirect,2012,2.959756
Texas,Terrell,Indirect,2013,1.739438
Texas,Terrell,Indirect,2014,2.724
Texas,Terrell,Indirect,2014,0.759
Texas,Terrell,Indirect,2015,1.2439
Texas,Terrell,Indirect,2016,2.215756
Texas,Terrell,Indirect,2017,43.000529
Texas,Terrell,Indirect,2018,32.893065
Texas,Terry,Indirect,1981,52.406
Texas,Terry,Indirect,1981,4.38
Texas,Terry,Indirect,1981,0.125
Texas,Terry,Indirect,1982,52.56
Texas,Terry,Indirect,1982,6.753
Texas,Terry,Indirect,1983,52.928
Texas,Terry,Indirect,1983,6.406
Texas,Terry,Indirect,1983,0.0835
Texas,Terry,Indirect,1984,52.928
Texas,Terry,Indirect,1984,6.6778
Texas,Terry,Indirect,1985,36.792
Texas,Terry,Indirect,1985,9.343698
Texas,Terry,Indirect,1986,19.197466
Texas,Terry,Indirect,1986,8.327319
Texas,Terry,Indirect,1987,13.172
Texas,Terry,Indirect,1987,9.0234
Texas,Terry,Indirect,1988,8.48538
Texas,Terry,Indirect,1988,5.184
Texas,Terry,Indirect,1989,10.9811
Texas,Terry,Indirect,1990,7.9455
Texas,Terry,Indirect,1991,10.4258
Texas,Terry,Indirect,1992,9.7128
Texas,Terry,Indirect,1993,9.5378
Texas,Terry,Indirect,1994,10.475613
Texas,Terry,Indirect,1995,9.830625
Texas,Terry,Indirect,1996,4.091849
Texas,Tom Green,Indirect,1981,2.5915
Texas,Tom Green,Indirect,1981,0.10585
Texas,Tom Green,Indirect,1982,2.59
Texas,Tom Green,Indirect,1982,0.10585
Texas,Tom Green,Indirect,1983,2.58
Texas,Tom Green,Indirect,1983,0.10585
Texas,Tom Green,Indirect,1984,2.56
Texas,Tom Green,Indirect,1984,0.1612
Texas,Tom Green,Indirect,1985,2.415
Texas,Tom Green,Indirect,1985,0.1651
Texas,Tom Green,Indirect,1986,0.167
Texas,Tom Green,Indirect,1987,0.17
Texas,Tom Green,Indirect,1987,0.1697
Texas,Tom Green,Indirect,1988,0.1711
Texas,Tom Green,Indirect,1988,0.0024
Texas,Tom Green,Indirect,1989,0.1692
Texas,Upton,Indirect,1981,0.258
Texas,Upton,Indirect,1981,0.039
Texas,Upton,Indirect,1982,0.265
Texas,Upton,Indirect,1982,0.026
Texas,Upton,Indirect,1983,0.265
Texas,Upton,Indirect,1983,0.049872
Texas,Upton,Indirect,1984,0.272
Texas,Upton,Indirect,1985,0.247
Texas,Upton,Indirect,1986,0.229
Texas,Upton,Indirect,1987,0.1335
Texas,Upton,Indirect,1988,0.085
Texas,Upton,Indirect,1989,0.13
Texas,Upton,Indirect,1991,0.3718
Texas,Upton,Indirect,1992,0.4545
Texas,Upton,Indirect,1993,18.4186
Texas,Upton,Indirect,1993,0.5964
Texas,Upton,Indirect,1994,94.68708
Texas,Upton,Indirect,1994,0.537978
Texas,Upton,Indirect,1995,50.972478
Texas,Upton,Indirect,1995,1.6363
Texas,Upton,Indirect,1996,47.927508
Texas,Upton,Indirect,1996,0.745122
Texas,Upton,Indirect,1997,28.30887
Texas,Upton,Indirect,1997,0.466368
Texas,Upton,Indirect,1998,37.80057
Texas,Upton,Indirect,1998,0.013585
Texas,Upton,Indirect,1999,37.80057
Texas,Upton,Indirect,1999,0.838026
Texas,Upton,Indirect,2010,14.841671
Texas,Upton,Indirect,2011,14.841671
Texas,Val Verde,Indirect,1982,0.8704
Texas,Val Verde,Indirect,1983,0.86842
Texas,Val Verde,Indirect,1984,0.86842
Texas,Val Verde,Indirect,1985,0.871
Texas,Val Verde,Indirect,1986,0.875
Texas,Val Verde,Indirect,1987,0.875
Texas,Val Verde,Indirect,1988,0.8572
Texas,Val Verde,Indirect,1989,0.8418
Texas,Val Verde,Indirect,1990,0.86
Texas,Val Verde,Indirect,1991,0.848
Texas,Val Verde,Indirect,1992,0.1
Texas,Val Verde,Indirect,1993,0.0664
Texas,Val Verde,Indirect,2013,0.412464
Texas,Val Verde,Indirect,2014,0.4908
Texas,Val Verde,Indirect,2015,0.268212
Texas,Val Verde,Indirect,2016,0.25543
Texas,Val Verde,Indirect,2017,0.13755
Texas,Val Verde,Indirect,2018,0.120566
Texas,Ward,Indirect,1981,50.5983
Texas,Ward,Indirect,1981,2.6
Texas,Ward,Indirect,1981,2.28
Texas,Ward,Indirect,1981,0.0365
Texas,Ward,Indirect,1981,0.012592
Texas,Ward,Indirect,1981,0.001213
Texas,Ward,Indirect,1982,52.419457
Texas,Ward,Indirect,1982,2.28
Texas,Ward,Indirect,1982,0.994
Texas,Ward,Indirect,1982,0.218484
Texas,Ward,Indirect,1982,0.036
Texas,Ward,Indirect,1982,0.01785
Texas,Ward,Indirect,1983,39.3443
Texas,Ward,Indirect,1983,1.2
Texas,Ward,Indirect,1983,0.994
Texas,Ward,Indirect,1983,0.099485
Texas,Ward,Indirect,1983,0.036
Texas,Ward,Indirect,1983,0.016975
Texas,Ward,Indirect,1984,48.1926
Texas,Ward,Indirect,1984,0.726
Texas,Ward,Indirect,1984,0.4974
Texas,Ward,Indirect,1984,0.014231
Texas,Ward,Indirect,1984,0.004345
Texas,Ward,Indirect,1985,20.1396
Texas,Ward,Indirect,1985,0.726
Texas,Ward,Indirect,1985,0.356
Texas,Ward,Indirect,1985,0.04439
Texas,Ward,Indirect,1985,0.006324
Texas,Ward,Indirect,1986,20.1459
Texas,Ward,Indirect,1986,0.748
Texas,Ward,Indirect,1986,0.3415
Texas,Ward,Indirect,1986,0.017326
Texas,Ward,Indirect,1986,0.0047
Texas,Ward,Indirect,1987,20.1676
Texas,Ward,Indirect,1987,0.748
Texas,Ward,Indirect,1987,0.441
Texas,Ward,Indirect,1987,0.0412
Texas,Ward,Indirect,1987,0.021389
Texas,Ward,Indirect,1988,20.0933
Texas,Ward,Indirect,1988,0.748
Texas,Ward,Indirect,1988,0.449
Texas,Ward,Indirect,1988,0.06949
Texas,Ward,Indirect,1988,0.026950000000000002
Texas,Ward,Indirect,1989,17.9887
Texas,Ward,Indirect,1989,0.9169
Texas,Ward,Indirect,1989,0.748
Texas,Ward,Indirect,1989,0.0992
Texas,Ward,Indirect,1989,0.0338
Texas,Ward,Indirect,1990,12.5542
Texas,Ward,Indirect,1990,0.9554
Texas,Ward,Indirect,1990,0.748
Texas,Ward,Indirect,1990,0.0581
Texas,Ward,Indirect,1990,0.045
Texas,Ward,Indirect,1991,17.0233
Texas,Ward,Indirect,1991,2.0598
Texas,Ward,Indirect,1991,1.4806
Texas,Ward,Indirect,1991,1.092
Texas,Ward,Indirect,1991,0.0732
Texas,Ward,Indirect,1991,0.0238
Texas,Ward,Indirect,1992,13.6086
Texas,Ward,Indirect,1992,2.4887
Texas,Ward,Indirect,1992,2.0693
Texas,Ward,Indirect,1992,1.092
Texas,Ward,Indirect,1992,0.0518
Texas,Ward,Indirect,1992,0.0386
Texas,Ward,Indirect,1993,13.165
Texas,Ward,Indirect,1993,2.1334
Texas,Ward,Indirect,1993,1.8837
Texas,Ward,Indirect,1993,1.092
Texas,Ward,Indirect,1993,0.0261
Texas,Ward,Indirect,1993,0.0039
Texas,Ward,Indirect,1994,13.07705
Texas,Ward,Indirect,1994,2.9566
Texas,Ward,Indirect,1994,1.1857
Texas,Ward,Indirect,1994,1.092
Texas,Ward,Indirect,1995,11.5724
Texas,Ward,Indirect,1995,3.3024
Texas,Ward,Indirect,1995,2.549694
Texas,Ward,Indirect,1995,1.092
Texas,Ward,Indirect,1996,2.1525
Texas,Ward,Indirect,1996,1.736549
Texas,Ward,Indirect,1996,1.092
Texas,Ward,Indirect,1997,2.438296
Texas,Ward,Indirect,1997,1.092
Texas,Ward,Indirect,1997,0.30377
Texas,Ward,Indirect,1998,2.062746
Texas,Ward,Indirect,1998,0.756
Texas,Ward,Indirect,1998,1.6e-4
Texas,Ward,Indirect,1999,2.062746
Texas,Ward,Indirect,1999,0.756
Texas,Ward,Indirect,2000,2.062746
Texas,Winkler,Indirect,1981,53.5669
Texas,Winkler,Indirect,1981,31.4
Texas,Winkler,Indirect,1981,14.00007
Texas,Winkler,Indirect,1981,12.31198
Texas,Winkler,Indirect,1981,7.094
Texas,Winkler,Indirect,1981,6.46576
Texas,Winkler,Indirect,1981,0.384507
Texas,Winkler,Indirect,1982,57.03266
Texas,Winkler,Indirect,1982,30
Texas,Winkler,Indirect,1982,14.87661
Texas,Winkler,Indirect,1982,14.24884
Texas,Winkler,Indirect,1982,6.993
Texas,Winkler,Indirect,1982,5.07
Texas,Winkler,Indirect,1982,0.436914
Texas,Winkler,Indirect,1983,56.45515
Texas,Winkler,Indirect,1983,15.2676
Texas,Winkler,Indirect,1983,15.091062
Texas,Winkler,Indirect,1983,13.5695
Texas,Winkler,Indirect,1983,7.373
Texas,Winkler,Indirect,1983,5.35
Texas,Winkler,Indirect,1983,0.160929
Texas,Winkler,Indirect,1984,105.013677
Texas,Winkler,Indirect,1984,15.147636
Texas,Winkler,Indirect,1984,14.531371
Texas,Winkler,Indirect,1984,7.8
Texas,Winkler,Indirect,1984,7.581
Texas,Winkler,Indirect,1984,6.098544
Texas,Winkler,Indirect,1984,0.186708
Texas,Winkler,Indirect,1985,95.19787
Texas,Winkler,Indirect,1985,15.167586
Texas,Winkler,Indirect,1985,9.77281
Texas,Winkler,Indirect,1985,9.04008
Texas,Winkler,Indirect,1985,7.66
Texas,Winkler,Indirect,1985,7.5
Texas,Winkler,Indirect,1985,6.97234
Texas,Winkler,Indirect,1985,4.217772
Texas,Winkler,Indirect,1985,0.151025
Texas,Winkler,Indirect,1986,76.57273
Texas,Winkler,Indirect,1986,15.37074
Texas,Winkler,Indirect,1986,10.062
Texas,Winkler,Indirect,1986,7.67
Texas,Winkler,Indirect,1986,7.5
Texas,Winkler,Indirect,1986,6.97235
Texas,Winkler,Indirect,1986,2.267
Texas,Winkler,Indirect,1986,0.48598
Texas,Winkler,Indirect,1986,0.120872
Texas,Winkler,Indirect,1987,92.34246
Texas,Winkler,Indirect,1987,15.167686
Texas,Winkler,Indirect,1987,14.536788
Texas,Winkler,Indirect,1987,7.5
Texas,Winkler,Indirect,1987,6.97235
Texas,Winkler,Indirect,1987,0.35972
Texas,Winkler,Indirect,1987,0.35402
Texas,Winkler,Indirect,1987,0.2267
Texas,Winkler,Indirect,1988,86.283037
Texas,Winkler,Indirect,1988,15.167586
Texas,Winkler,Indirect,1988,7.5
Texas,Winkler,Indirect,1988,3.518048
Texas,Winkler,Indirect,1988,1.982418
Texas,Winkler,Indirect,1988,0.326434
Texas,Winkler,Indirect,1988,0.261894
Texas,Winkler,Indirect,1988,0.11485
Texas,Winkler,Indirect,1989,90.9764
Texas,Winkler,Indirect,1989,15.7537
Texas,Winkler,Indirect,1989,3.75
Texas,Winkler,Indirect,1989,1.8546
Texas,Winkler,Indirect,1989,0.3658
Texas,Winkler,Indirect,1989,0.2892
Texas,Winkler,Indirect,1989,0.2859
Texas,Winkler,Indirect,1989,0.0569
Texas,Winkler,Indirect,1990,131.544
Texas,Winkler,Indirect,1990,15.1953
Texas,Winkler,Indirect,1990,7.0002
Texas,Winkler,Indirect,1990,2.053
Texas,Winkler,Indirect,1990,0.3862
Texas,Winkler,Indirect,1991,87.9373
Texas,Winkler,Indirect,1991,15.3373
Texas,Winkler,Indirect,1991,7.0002
Texas,Winkler,Indirect,1991,1.9752
Texas,Winkler,Indirect,1991,0.4187
Texas,Winkler,Indirect,1992,85.1379
Texas,Winkler,Indirect,1992,16.8197
Texas,Winkler,Indirect,1992,7.0002
Texas,Winkler,Indirect,1992,0.4348
Texas,Winkler,Indirect,1992,0.0901
Texas,Winkler,Indirect,1993,96.31
Texas,Winkler,Indirect,1993,16.6925
Texas,Winkler,Indirect,1993,7.101
Texas,Winkler,Indirect,1993,2.4134
Texas,Winkler,Indirect,1993,0.3959
Texas,Winkler,Indirect,1994,93.7484
Texas,Winkler,Indirect,1994,17.063508
Texas,Winkler,Indirect,1994,7.101
Texas,Winkler,Indirect,1994,0.889078
Texas,Winkler,Indirect,1994,0.16947
Texas,Winkler,Indirect,1995,88.846
Texas,Winkler,Indirect,1995,17
Texas,Winkler,Indirect,1995,7.15
Texas,Winkler,Indirect,1995,0.65499
Texas,Winkler,Indirect,1995,0.336192
Texas,Winkler,Indirect,1996,80.13558
Texas,Winkler,Indirect,1996,6.85
Texas,Winkler,Indirect,1996,0.535038
Texas,Winkler,Indirect,1996,0.37944
Texas,Winkler,Indirect,1997,56.444492
Texas,Winkler,Indirect,1997,6.8
Texas,Winkler,Indirect,1997,0.37944
Texas,Winkler,Indirect,1997,0.325416
Texas,Winkler,Indirect,1998,72.083413
Texas,Winkler,Indirect,1998,6.446
Texas,Winkler,Indirect,1998,0.42
Texas,Winkler,Indirect,1998,0.3171
Texas,Winkler,Indirect,1999,61.91244
Texas,Winkler,Indirect,1999,6.446
Texas,Winkler,Indirect,1999,0.42
Texas,Winkler,Indirect,1999,0.0756
Texas,Winkler,Indirect,2000,65.453938
Texas,Winkler,Indirect,2000,6.446
Texas,Winkler,Indirect,2001,67.4301
Texas,Winkler,Indirect,2001,3.21867
Texas,Winkler,Indirect,2002,63.521942
Texas,Winkler,Indirect,2002,0.15925
Texas,Winkler,Indirect,2003,70.659702
Texas,Winkler,Indirect,2003,0.191482
Texas,Winkler,Indirect,2004,70.659702
Texas,Winkler,Indirect,2004,6.46779
Texas,Winkler,Indirect,2005,70.659702
Texas,Winkler,Indirect,2005,6.46779
Texas,Winkler,Indirect,2006,70.659702
Texas,Winkler,Indirect,2006,2.640254
Texas,Winkler,Indirect,2007,56.289371
Texas,Winkler,Indirect,2007,2.090404
Texas,Winkler,Indirect,2008,56.289371
Texas,Winkler,Indirect,2009,56.289371
Texas,Winkler,Indirect,2010,32.943075
Texas,Winkler,Indirect,2015,1.825
Texas,Winkler,Indirect,2016,1.83
Texas,Winkler,Indirect,2017,23.328
Texas,Winkler,Indirect,2018,23.328
Texas,Yoakum,Indirect,1981,3.8
Texas,Yoakum,Indirect,1982,1.067817
