State,County,Use,Year,Volume,Count
New Mexico,Chaves,Hydraulic fracturing,2000,2.944087,32
New Mexico,Chaves,Hydraulic fracturing,2001,6.2659804427,57
New Mexico,Chaves,Hydraulic fracturing,2002,3.8244922037,33
New Mexico,Chaves,Hydraulic fracturing,2003,7.530043403,48
New Mexico,Chaves,Hydraulic fracturing,2004,2.3614164185,29
New Mexico,Chaves,Hydraulic fracturing,2005,9.957581611,25
New Mexico,Chaves,Hydraulic fracturing,2006,6.894964,23
New Mexico,Chaves,Hydraulic fracturing,2007,2.577174,18
New Mexico,Chaves,Hydraulic fracturing,2008,10.745452,32
New Mexico,Chaves,Hydraulic fracturing,2009,5.660434,17
New Mexico,Chaves,Hydraulic fracturing,2010,38.862806,35
New Mexico,Chaves,Hydraulic fracturing,2011,7.978788,9
New Mexico,Chaves,Hydraulic fracturing,2012,9.113236,7
New Mexico,Chaves,Hydraulic fracturing,2013,9.734250000000001,8
New Mexico,Chaves,Hydraulic fracturing,2014,9.541995,9
New Mexico,Chaves,Hydraulic fracturing,2015,1.157436,1
New Mexico,Chaves,Hydraulic fracturing,2016,4.201344000000001,4
New Mexico,Chaves,Hydraulic fracturing,2017,11.94875,6
New Mexico,Chaves,Hydraulic fracturing,2018,37.107317694,11
New Mexico,Chaves,Hydraulic fracturing,2019,21.473387000000002,5
New Mexico,De Baca,Hydraulic fracturing,2018,1.18109,1
New Mexico,Eddy,Hydraulic fracturing,2000,23.3712328158,236
New Mexico,Eddy,Hydraulic fracturing,2001,35.0365221365,249
New Mexico,Eddy,Hydraulic fracturing,2002,13.77646580519,144
New Mexico,Eddy,Hydraulic fracturing,2003,17.65908833658,233
New Mexico,Eddy,Hydraulic fracturing,2004,25.30496701064,275
New Mexico,Eddy,Hydraulic fracturing,2005,46.2674734117,324
New Mexico,Eddy,Hydraulic fracturing,2006,91.08105399497,410
New Mexico,Eddy,Hydraulic fracturing,2007,76.41467880674,368
New Mexico,Eddy,Hydraulic fracturing,2008,130.867241,484
New Mexico,Eddy,Hydraulic fracturing,2009,186.2858468,402
New Mexico,Eddy,Hydraulic fracturing,2010,393.21198116477,557
New Mexico,Eddy,Hydraulic fracturing,2011,732.6479,749
New Mexico,Eddy,Hydraulic fracturing,2012,908.1212485,853
New Mexico,Eddy,Hydraulic fracturing,2013,934.7543726,716
New Mexico,Eddy,Hydraulic fracturing,2014,1399.955139,692
New Mexico,Eddy,Hydraulic fracturing,2015,1367.448081,429
New Mexico,Eddy,Hydraulic fracturing,2016,1228.167143,239
New Mexico,Eddy,Hydraulic fracturing,2017,2544.366574,324
New Mexico,Eddy,Hydraulic fracturing,2018,5013.4734902969,466
New Mexico,Eddy,Hydraulic fracturing,2019,5652.674144091,390
New Mexico,Lea,Hydraulic fracturing,2000,17.42089607542,237
New Mexico,Lea,Hydraulic fracturing,2001,34.40641466741,275
New Mexico,Lea,Hydraulic fracturing,2002,9.6507625,156
New Mexico,Lea,Hydraulic fracturing,2003,15.35176787463,188
New Mexico,Lea,Hydraulic fracturing,2004,21.5443109,247
New Mexico,Lea,Hydraulic fracturing,2005,22.338628,264
New Mexico,Lea,Hydraulic fracturing,2006,30.4232366,377
New Mexico,Lea,Hydraulic fracturing,2007,33.67745674194,270
New Mexico,Lea,Hydraulic fracturing,2008,33.634052,279
New Mexico,Lea,Hydraulic fracturing,2009,51.6372925,246
New Mexico,Lea,Hydraulic fracturing,2010,151.103189,300
New Mexico,Lea,Hydraulic fracturing,2011,237.2920284,316
New Mexico,Lea,Hydraulic fracturing,2012,333.788684,243
New Mexico,Lea,Hydraulic fracturing,2013,612.2265426,356
New Mexico,Lea,Hydraulic fracturing,2014,1224.345849,439
New Mexico,Lea,Hydraulic fracturing,2015,1733.583716,345
New Mexico,Lea,Hydraulic fracturing,2016,1829.336414,223
New Mexico,Lea,Hydraulic fracturing,2017,3025.638197,301
New Mexico,Lea,Hydraulic fracturing,2018,5645.07381,536
New Mexico,Lea,Hydraulic fracturing,2019,6802.52791504354,528
New Mexico,Roosevelt,Hydraulic fracturing,2000,0.031,3
New Mexico,Roosevelt,Hydraulic fracturing,2001,0.15,1
New Mexico,Roosevelt,Hydraulic fracturing,2002,0.027999999999999997,2
New Mexico,Roosevelt,Hydraulic fracturing,2003,0.035,2
New Mexico,Roosevelt,Hydraulic fracturing,2004,0.0078,1
New Mexico,Roosevelt,Hydraulic fracturing,2008,0.740712,2
New Mexico,Roosevelt,Hydraulic fracturing,2012,0.52416,1
New Mexico,Roosevelt,Hydraulic fracturing,2015,0.1,1
New Mexico,Roosevelt,Hydraulic fracturing,2017,17.4006,3
New Mexico,Roosevelt,Hydraulic fracturing,2018,0.093156,1
New Mexico,Roosevelt,Hydraulic fracturing,2019,14.22233,5
Texas,Andrews,Hydraulic fracturing,2000,4.740168,62
Texas,Andrews,Hydraulic fracturing,2001,4.521967,73
Texas,Andrews,Hydraulic fracturing,2002,5.674411,81
Texas,Andrews,Hydraulic fracturing,2003,12.086835061,93
Texas,Andrews,Hydraulic fracturing,2004,8.747288000000001,76
Texas,Andrews,Hydraulic fracturing,2005,20.69741504735,148
Texas,Andrews,Hydraulic fracturing,2006,19.002001,193
Texas,Andrews,Hydraulic fracturing,2007,41.8572144284,244
Texas,Andrews,Hydraulic fracturing,2008,77.513111,400
Texas,Andrews,Hydraulic fracturing,2009,66.7463622,305
Texas,Andrews,Hydraulic fracturing,2010,243.6014418,734
Texas,Andrews,Hydraulic fracturing,2011,422.0559328,1067
Texas,Andrews,Hydraulic fracturing,2012,490.921768,1171
Texas,Andrews,Hydraulic fracturing,2013,552.212122,765
Texas,Andrews,Hydraulic fracturing,2014,797.07861642957,888
Texas,Andrews,Hydraulic fracturing,2015,621.60001688596,327
Texas,Andrews,Hydraulic fracturing,2016,677.64832980603,147
Texas,Andrews,Hydraulic fracturing,2017,1042.86691306786,198
Texas,Andrews,Hydraulic fracturing,2018,1393.534331,215
Texas,Andrews,Hydraulic fracturing,2019,1323.72145595,192
Texas,Borden,Hydraulic fracturing,2000,0.40548100000000004,15
Texas,Borden,Hydraulic fracturing,2001,0.444764,22
Texas,Borden,Hydraulic fracturing,2002,0.496556,17
Texas,Borden,Hydraulic fracturing,2003,0.654471,29
Texas,Borden,Hydraulic fracturing,2004,0.722328,27
Texas,Borden,Hydraulic fracturing,2005,1.003839,27
Texas,Borden,Hydraulic fracturing,2006,0.800591,17
Texas,Borden,Hydraulic fracturing,2007,1.9998399999999998,29
Texas,Borden,Hydraulic fracturing,2008,0.896085,11
Texas,Borden,Hydraulic fracturing,2009,1.090196,2
Texas,Borden,Hydraulic fracturing,2010,4.818296,14
Texas,Borden,Hydraulic fracturing,2011,4.584938,20
Texas,Borden,Hydraulic fracturing,2012,20.591698,31
Texas,Borden,Hydraulic fracturing,2013,43.203738,39
Texas,Borden,Hydraulic fracturing,2014,49.379087,37
Texas,Borden,Hydraulic fracturing,2015,2.7967242941,14
Texas,Borden,Hydraulic fracturing,2016,33.158858,14
Texas,Borden,Hydraulic fracturing,2017,310.3089894432,27
Texas,Borden,Hydraulic fracturing,2018,627.4320962823,45
Texas,Borden,Hydraulic fracturing,2019,493.7807526842,31
Texas,Brewster,Hydraulic fracturing,2017,0.201546,1
Texas,Brewster,Hydraulic fracturing,2018,0.622272,1
Texas,Cochran,Hydraulic fracturing,2000,0.076385,8
Texas,Cochran,Hydraulic fracturing,2001,0.0155,2
Texas,Cochran,Hydraulic fracturing,2002,2.04738508,2
Texas,Cochran,Hydraulic fracturing,2003,0.089696,2
Texas,Cochran,Hydraulic fracturing,2004,0.25597200000000003,9
Texas,Cochran,Hydraulic fracturing,2005,0.01,1
Texas,Cochran,Hydraulic fracturing,2006,0.01,1
Texas,Cochran,Hydraulic fracturing,2007,0.007,1
Texas,Cochran,Hydraulic fracturing,2008,0.018033999999999998,4
Texas,Cochran,Hydraulic fracturing,2009,0.0598434,12
Texas,Cochran,Hydraulic fracturing,2010,0.042,3
Texas,Cochran,Hydraulic fracturing,2011,3.875274,18
Texas,Cochran,Hydraulic fracturing,2012,1.315643,8
Texas,Cochran,Hydraulic fracturing,2013,1.827983,14
Texas,Cochran,Hydraulic fracturing,2014,18.338322,9
Texas,Cochran,Hydraulic fracturing,2015,5.715802,3
Texas,Cochran,Hydraulic fracturing,2016,0.10746900000000001,3
Texas,Cochran,Hydraulic fracturing,2017,68.467481671,18
Texas,Cochran,Hydraulic fracturing,2018,33.725676426999996,8
Texas,Cochran,Hydraulic fracturing,2019,29.071455999999998,7
Texas,Coke,Hydraulic fracturing,2000,0.08776300000000001,3
Texas,Coke,Hydraulic fracturing,2001,0.17053800000000002,3
Texas,Coke,Hydraulic fracturing,2002,0.06689,2
Texas,Coke,Hydraulic fracturing,2003,0.0085,2
Texas,Coke,Hydraulic fracturing,2004,0.026,2
Texas,Coke,Hydraulic fracturing,2005,0.02013,1
Texas,Coke,Hydraulic fracturing,2006,0.06751599999999999,8
Texas,Coke,Hydraulic fracturing,2007,0.0063,3
Texas,Coke,Hydraulic fracturing,2008,0.276978,7
Texas,Coke,Hydraulic fracturing,2009,0.66181,19
Texas,Coke,Hydraulic fracturing,2010,0.737759,21
Texas,Coke,Hydraulic fracturing,2011,0.330116,8
Texas,Coke,Hydraulic fracturing,2012,0.317373,7
Texas,Coke,Hydraulic fracturing,2013,25.246342873,9
Texas,Coke,Hydraulic fracturing,2014,1.024604,6
Texas,Coke,Hydraulic fracturing,2015,0.042252,1
Texas,Coke,Hydraulic fracturing,2019,0.003,1
Texas,Concho,Hydraulic fracturing,2000,0.0112,2
Texas,Concho,Hydraulic fracturing,2001,0.037344,3
Texas,Concho,Hydraulic fracturing,2002,0.083474,5
Texas,Concho,Hydraulic fracturing,2003,0.046919,6
Texas,Concho,Hydraulic fracturing,2004,1.0009014065,3
Texas,Concho,Hydraulic fracturing,2005,0.5595735,6
Texas,Concho,Hydraulic fracturing,2006,0.01994805,4
Texas,Concho,Hydraulic fracturing,2007,2.01121705,7
Texas,Concho,Hydraulic fracturing,2008,0.047959999999999996,3
Texas,Concho,Hydraulic fracturing,2009,0.04662,5
Texas,Concho,Hydraulic fracturing,2012,0.053186375,2
Texas,Concho,Hydraulic fracturing,2013,0.068166,1
Texas,Concho,Hydraulic fracturing,2014,0.058758,4
Texas,Concho,Hydraulic fracturing,2015,0.020832,2
Texas,Concho,Hydraulic fracturing,2016,0.123102,4
Texas,Concho,Hydraulic fracturing,2017,0.04053,2
Texas,Concho,Hydraulic fracturing,2018,0.110334,4
Texas,Concho,Hydraulic fracturing,2019,0.009744,1
Texas,Cottle,Hydraulic fracturing,2000,0.1552,3
Texas,Cottle,Hydraulic fracturing,2001,0.10800000000000001,2
Texas,Cottle,Hydraulic fracturing,2002,0.367128,4
Texas,Cottle,Hydraulic fracturing,2003,0.388111,6
Texas,Cottle,Hydraulic fracturing,2004,0.479597,6
Texas,Cottle,Hydraulic fracturing,2005,0.9044,4
Texas,Cottle,Hydraulic fracturing,2006,1.5378,8
Texas,Cottle,Hydraulic fracturing,2007,0.427584,4
Texas,Cottle,Hydraulic fracturing,2008,7.988962,8
Texas,Cottle,Hydraulic fracturing,2009,2.5345,4
Texas,Cottle,Hydraulic fracturing,2010,0.049921,1
Texas,Cottle,Hydraulic fracturing,2012,0.718494,1
Texas,Cottle,Hydraulic fracturing,2013,0.62097,1
Texas,Cottle,Hydraulic fracturing,2014,3.18701,5
Texas,Cottle,Hydraulic fracturing,2015,0.841764,1
Texas,Cottle,Hydraulic fracturing,2016,0.8845289999999999,2
Texas,Crane,Hydraulic fracturing,2000,4.4516193,55
Texas,Crane,Hydraulic fracturing,2001,2.72762779928,54
Texas,Crane,Hydraulic fracturing,2002,0.307402,11
Texas,Crane,Hydraulic fracturing,2003,0.889331,31
Texas,Crane,Hydraulic fracturing,2004,2.782264,63
Texas,Crane,Hydraulic fracturing,2005,6.503365,100
Texas,Crane,Hydraulic fracturing,2006,15.12606982175,98
Texas,Crane,Hydraulic fracturing,2007,12.510064,115
Texas,Crane,Hydraulic fracturing,2008,17.9534895698,139
Texas,Crane,Hydraulic fracturing,2009,4.357909,45
Texas,Crane,Hydraulic fracturing,2010,18.145329,55
Texas,Crane,Hydraulic fracturing,2011,45.301407,85
Texas,Crane,Hydraulic fracturing,2012,137.104249,134
Texas,Crane,Hydraulic fracturing,2013,173.345103,252
Texas,Crane,Hydraulic fracturing,2014,79.33127685906,168
Texas,Crane,Hydraulic fracturing,2015,47.541729000000004,110
Texas,Crane,Hydraulic fracturing,2016,5.65956,15
Texas,Crane,Hydraulic fracturing,2017,13.1694564524,31
Texas,Crane,Hydraulic fracturing,2018,11.814099,45
Texas,Crane,Hydraulic fracturing,2019,26.59235111517,60
Texas,Crockett,Hydraulic fracturing,2000,9.971856325,127
Texas,Crockett,Hydraulic fracturing,2001,15.84442,203
Texas,Crockett,Hydraulic fracturing,2002,17.17994458239,118
Texas,Crockett,Hydraulic fracturing,2003,23.264939000000002,133
Texas,Crockett,Hydraulic fracturing,2004,12.708854,150
Texas,Crockett,Hydraulic fracturing,2005,21.57784,175
Texas,Crockett,Hydraulic fracturing,2006,26.988941999999998,191
Texas,Crockett,Hydraulic fracturing,2007,15.114933,163
Texas,Crockett,Hydraulic fracturing,2008,28.634557,220
Texas,Crockett,Hydraulic fracturing,2009,12.582125,97
Texas,Crockett,Hydraulic fracturing,2010,20.10978029011,162
Texas,Crockett,Hydraulic fracturing,2011,132.2111282,64
Texas,Crockett,Hydraulic fracturing,2012,560.42362,120
Texas,Crockett,Hydraulic fracturing,2013,1148.31176527939,168
Texas,Crockett,Hydraulic fracturing,2014,1413.18894,212
Texas,Crockett,Hydraulic fracturing,2015,799.548263,91
Texas,Crockett,Hydraulic fracturing,2016,531.1668438874,46
Texas,Crockett,Hydraulic fracturing,2017,816.962159,58
Texas,Crockett,Hydraulic fracturing,2018,334.896844,37
Texas,Crockett,Hydraulic fracturing,2019,0.04589,1
Texas,Crosby,Hydraulic fracturing,2000,0.4324,9
Texas,Crosby,Hydraulic fracturing,2001,0.06725,4
Texas,Crosby,Hydraulic fracturing,2002,0.00675,1
Texas,Crosby,Hydraulic fracturing,2003,0.053784,3
Texas,Crosby,Hydraulic fracturing,2008,0.09015,3
Texas,Crosby,Hydraulic fracturing,2010,0.027342,1
Texas,Crosby,Hydraulic fracturing,2011,0.066486,5
Texas,Crosby,Hydraulic fracturing,2012,1.998858,36
Texas,Crosby,Hydraulic fracturing,2013,3.091894,96
Texas,Crosby,Hydraulic fracturing,2014,4.4754700000000005,155
Texas,Crosby,Hydraulic fracturing,2015,2.258307,61
Texas,Crosby,Hydraulic fracturing,2016,2.416651,55
Texas,Crosby,Hydraulic fracturing,2017,1.3818709999999998,40
Texas,Crosby,Hydraulic fracturing,2018,0.28001588,14
Texas,Crosby,Hydraulic fracturing,2019,0.223573,10
Texas,Culberson,Hydraulic fracturing,2000,0.1866,3
Texas,Culberson,Hydraulic fracturing,2001,0.19245,5
Texas,Culberson,Hydraulic fracturing,2002,0.0105,1
Texas,Culberson,Hydraulic fracturing,2003,0.004,1
Texas,Culberson,Hydraulic fracturing,2005,0.097934,3
Texas,Culberson,Hydraulic fracturing,2006,1.38222,6
Texas,Culberson,Hydraulic fracturing,2007,3.238403,7
Texas,Culberson,Hydraulic fracturing,2008,15.887097,11
Texas,Culberson,Hydraulic fracturing,2009,7.417134,8
Texas,Culberson,Hydraulic fracturing,2010,8.093664,12
Texas,Culberson,Hydraulic fracturing,2011,58.5881194,24
Texas,Culberson,Hydraulic fracturing,2012,104.985881,46
Texas,Culberson,Hydraulic fracturing,2013,180.62231069424,59
Texas,Culberson,Hydraulic fracturing,2014,492.97287352874,86
Texas,Culberson,Hydraulic fracturing,2015,692.692454851,84
Texas,Culberson,Hydraulic fracturing,2016,607.007768738,66
Texas,Culberson,Hydraulic fracturing,2017,1274.543248117,101
Texas,Culberson,Hydraulic fracturing,2018,1972.4792320000001,128
Texas,Culberson,Hydraulic fracturing,2019,2850.197403,136
Texas,Dawson,Hydraulic fracturing,2000,0.219943,11
Texas,Dawson,Hydraulic fracturing,2001,0.549334,15
Texas,Dawson,Hydraulic fracturing,2002,0.45021,7
Texas,Dawson,Hydraulic fracturing,2003,0.127274,6
Texas,Dawson,Hydraulic fracturing,2004,0.618417,5
Texas,Dawson,Hydraulic fracturing,2005,0.163414,7
Texas,Dawson,Hydraulic fracturing,2006,1.217339,11
Texas,Dawson,Hydraulic fracturing,2007,7.210944,20
Texas,Dawson,Hydraulic fracturing,2008,7.425942,13
Texas,Dawson,Hydraulic fracturing,2009,9.428513,14
Texas,Dawson,Hydraulic fracturing,2010,9.915139,28
Texas,Dawson,Hydraulic fracturing,2011,31.297594,37
Texas,Dawson,Hydraulic fracturing,2012,47.006274,57
Texas,Dawson,Hydraulic fracturing,2013,64.7730581379,65
Texas,Dawson,Hydraulic fracturing,2014,138.69531267213,56
Texas,Dawson,Hydraulic fracturing,2015,85.248724,15
Texas,Dawson,Hydraulic fracturing,2016,27.352395287700002,12
Texas,Dawson,Hydraulic fracturing,2017,98.508374,11
Texas,Dawson,Hydraulic fracturing,2018,0.431663,6
Texas,Dawson,Hydraulic fracturing,2019,68.192536,7
Texas,Dickens,Hydraulic fracturing,2000,2.5e-4,1
Texas,Dickens,Hydraulic fracturing,2002,0.016,1
Texas,Dickens,Hydraulic fracturing,2004,0.03744,5
Texas,Dickens,Hydraulic fracturing,2006,0.0205,1
Texas,Dickens,Hydraulic fracturing,2007,0.00894,2
Texas,Dickens,Hydraulic fracturing,2008,0.00811,2
Texas,Dickens,Hydraulic fracturing,2009,0.01125,1
Texas,Dickens,Hydraulic fracturing,2012,0.00575,1
Texas,Dickens,Hydraulic fracturing,2013,0.013077,2
Texas,Dickens,Hydraulic fracturing,2017,0.031202,1
Texas,Ector,Hydraulic fracturing,2000,5.88565683223,92
Texas,Ector,Hydraulic fracturing,2001,11.365122,155
Texas,Ector,Hydraulic fracturing,2002,6.2630958,100
Texas,Ector,Hydraulic fracturing,2003,12.250888021,145
Texas,Ector,Hydraulic fracturing,2004,7.540933,72
Texas,Ector,Hydraulic fracturing,2005,12.451915,97
Texas,Ector,Hydraulic fracturing,2006,10.087488,120
Texas,Ector,Hydraulic fracturing,2007,29.720930199999998,122
Texas,Ector,Hydraulic fracturing,2008,59.999486,201
Texas,Ector,Hydraulic fracturing,2009,111.4416896,243
Texas,Ector,Hydraulic fracturing,2010,210.8210158,421
Texas,Ector,Hydraulic fracturing,2011,243.3229916,472
Texas,Ector,Hydraulic fracturing,2012,446.531667,619
Texas,Ector,Hydraulic fracturing,2013,498.605707,605
Texas,Ector,Hydraulic fracturing,2014,519.203723,504
Texas,Ector,Hydraulic fracturing,2015,186.24379,198
Texas,Ector,Hydraulic fracturing,2016,86.6581708383,76
Texas,Ector,Hydraulic fracturing,2017,198.259163,120
Texas,Ector,Hydraulic fracturing,2018,336.6321783128,77
Texas,Ector,Hydraulic fracturing,2019,453.13860153019,98
Texas,Edwards,Hydraulic fracturing,2000,0.594318,17
Texas,Edwards,Hydraulic fracturing,2001,0.56886,9
Texas,Edwards,Hydraulic fracturing,2002,0.42610200000000004,13
Texas,Edwards,Hydraulic fracturing,2003,1.427568,29
Texas,Edwards,Hydraulic fracturing,2004,1.5063330000000001,24
Texas,Edwards,Hydraulic fracturing,2005,0.617966,11
Texas,Edwards,Hydraulic fracturing,2006,1.471772,15
Texas,Edwards,Hydraulic fracturing,2007,1.77034,20
Texas,Edwards,Hydraulic fracturing,2008,7.340408373,24
Texas,Edwards,Hydraulic fracturing,2009,1.192297,11
Texas,Edwards,Hydraulic fracturing,2010,3.316814,48
Texas,Edwards,Hydraulic fracturing,2011,0.565985,14
Texas,Edwards,Hydraulic fracturing,2012,0.549318,11
Texas,Edwards,Hydraulic fracturing,2013,0.318822,6
Texas,Fisher,Hydraulic fracturing,2000,0.012,1
Texas,Fisher,Hydraulic fracturing,2001,0.01275,1
Texas,Fisher,Hydraulic fracturing,2002,0.1697,8
Texas,Fisher,Hydraulic fracturing,2003,0.05085,2
Texas,Fisher,Hydraulic fracturing,2005,0.01932,1
Texas,Fisher,Hydraulic fracturing,2006,0.027889999999999998,2
Texas,Fisher,Hydraulic fracturing,2007,0.335622,11
Texas,Fisher,Hydraulic fracturing,2008,0.9175719999999999,23
Texas,Fisher,Hydraulic fracturing,2009,0.473594,12
Texas,Fisher,Hydraulic fracturing,2010,0.79903,10
Texas,Fisher,Hydraulic fracturing,2011,0.617016,15
Texas,Fisher,Hydraulic fracturing,2012,4.035643,15
Texas,Fisher,Hydraulic fracturing,2013,29.153431,19
Texas,Fisher,Hydraulic fracturing,2014,8.968748,14
Texas,Fisher,Hydraulic fracturing,2015,0.942288,8
Texas,Fisher,Hydraulic fracturing,2017,0.097947,2
Texas,Fisher,Hydraulic fracturing,2018,0.15959500000000001,5
Texas,Fisher,Hydraulic fracturing,2019,0.07944,3
Texas,Floyd,Hydraulic fracturing,2006,0.09359999999999999,2
Texas,Floyd,Hydraulic fracturing,2007,0.577403,2
Texas,Floyd,Hydraulic fracturing,2010,0.021,1
Texas,Floyd,Hydraulic fracturing,2012,0.21,1
Texas,Gaines,Hydraulic fracturing,2000,1.28687367464,26
Texas,Gaines,Hydraulic fracturing,2001,17.45891337387,73
Texas,Gaines,Hydraulic fracturing,2002,2.143564,29
Texas,Gaines,Hydraulic fracturing,2003,9.267237,97
Texas,Gaines,Hydraulic fracturing,2004,7.5091132,88
Texas,Gaines,Hydraulic fracturing,2005,7.482529,96
Texas,Gaines,Hydraulic fracturing,2006,8.061195,117
Texas,Gaines,Hydraulic fracturing,2007,7.285923,100
Texas,Gaines,Hydraulic fracturing,2008,7.919723,65
Texas,Gaines,Hydraulic fracturing,2009,2.352281,32
Texas,Gaines,Hydraulic fracturing,2010,10.8847676,125
Texas,Gaines,Hydraulic fracturing,2011,35.5411834,223
Texas,Gaines,Hydraulic fracturing,2012,32.3452338,224
Texas,Gaines,Hydraulic fracturing,2013,40.419765441341,172
Texas,Gaines,Hydraulic fracturing,2014,49.3675815337,171
Texas,Gaines,Hydraulic fracturing,2015,30.809716,92
Texas,Gaines,Hydraulic fracturing,2016,32.36317155323,55
Texas,Gaines,Hydraulic fracturing,2017,161.67344,86
Texas,Gaines,Hydraulic fracturing,2018,68.5371215098,60
Texas,Gaines,Hydraulic fracturing,2019,9.807156,43
Texas,Garza,Hydraulic fracturing,2000,0.342916,12
Texas,Garza,Hydraulic fracturing,2001,0.316848,15
Texas,Garza,Hydraulic fracturing,2002,0.184042,10
Texas,Garza,Hydraulic fracturing,2003,0.23825,13
Texas,Garza,Hydraulic fracturing,2004,0.15059999999999998,8
Texas,Garza,Hydraulic fracturing,2005,0.144,5
Texas,Garza,Hydraulic fracturing,2006,0.272756,10
Texas,Garza,Hydraulic fracturing,2007,0.338025,14
Texas,Garza,Hydraulic fracturing,2008,0.108238,5
Texas,Garza,Hydraulic fracturing,2009,0.1917732,8
Texas,Garza,Hydraulic fracturing,2010,0.5784627999999999,6
Texas,Garza,Hydraulic fracturing,2011,0.30770000000000003,14
Texas,Garza,Hydraulic fracturing,2012,1.939486,16
Texas,Garza,Hydraulic fracturing,2013,5.462909,14
Texas,Garza,Hydraulic fracturing,2014,4.991865,19
Texas,Garza,Hydraulic fracturing,2015,0.30728,7
Texas,Garza,Hydraulic fracturing,2016,0.1414,3
Texas,Garza,Hydraulic fracturing,2017,0.200065,3
Texas,Garza,Hydraulic fracturing,2018,3.6516480000000002,14
Texas,Garza,Hydraulic fracturing,2019,1.0068920000000001,13
Texas,Glasscock,Hydraulic fracturing,2000,3.5181,22
Texas,Glasscock,Hydraulic fracturing,2001,0.9700000000000001,11
Texas,Glasscock,Hydraulic fracturing,2002,0.268,6
Texas,Glasscock,Hydraulic fracturing,2003,4.40305206651,22
Texas,Glasscock,Hydraulic fracturing,2004,2.418931,14
Texas,Glasscock,Hydraulic fracturing,2005,8.10796,23
Texas,Glasscock,Hydraulic fracturing,2006,14.104524,50
Texas,Glasscock,Hydraulic fracturing,2007,29.245688,71
Texas,Glasscock,Hydraulic fracturing,2008,32.353547,74
Texas,Glasscock,Hydraulic fracturing,2009,35.6997562,63
Texas,Glasscock,Hydraulic fracturing,2010,140.8554374,137
Texas,Glasscock,Hydraulic fracturing,2011,538.2225146,433
Texas,Glasscock,Hydraulic fracturing,2012,865.816537,680
Texas,Glasscock,Hydraulic fracturing,2013,1113.245211,617
Texas,Glasscock,Hydraulic fracturing,2014,1680.40635041594,568
Texas,Glasscock,Hydraulic fracturing,2015,1493.764502,327
Texas,Glasscock,Hydraulic fracturing,2016,1369.6868705639,117
Texas,Glasscock,Hydraulic fracturing,2017,2845.4359126967,177
Texas,Glasscock,Hydraulic fracturing,2018,4333.592794,255
Texas,Glasscock,Hydraulic fracturing,2019,3874.2091245769,214
Texas,Hale,Hydraulic fracturing,2001,0.221454,6
Texas,Hale,Hydraulic fracturing,2007,0.295639,5
Texas,Hale,Hydraulic fracturing,2008,0.678715,10
Texas,Hale,Hydraulic fracturing,2013,0.386778,1
Texas,Hale,Hydraulic fracturing,2014,0.307272,1
Texas,Hockley,Hydraulic fracturing,2000,2.1323665000000003,11
Texas,Hockley,Hydraulic fracturing,2001,19.397590779999998,22
Texas,Hockley,Hydraulic fracturing,2002,3.2729318000000003,37
Texas,Hockley,Hydraulic fracturing,2003,0.754738,15
Texas,Hockley,Hydraulic fracturing,2004,1.146634,27
Texas,Hockley,Hydraulic fracturing,2005,2.2005075,22
Texas,Hockley,Hydraulic fracturing,2006,0.1079,13
Texas,Hockley,Hydraulic fracturing,2007,0.0575,5
Texas,Hockley,Hydraulic fracturing,2008,0.01,1
Texas,Hockley,Hydraulic fracturing,2009,0.161833,5
Texas,Hockley,Hydraulic fracturing,2010,0.255212,10
Texas,Hockley,Hydraulic fracturing,2011,0.584022,11
Texas,Hockley,Hydraulic fracturing,2012,4.919578,8
Texas,Hockley,Hydraulic fracturing,2013,9.735344,12
Texas,Hockley,Hydraulic fracturing,2014,21.62387,24
Texas,Hockley,Hydraulic fracturing,2015,13.715886,5
Texas,Hockley,Hydraulic fracturing,2016,0.018557999999999998,3
Texas,Hockley,Hydraulic fracturing,2017,0.202155,5
Texas,Hockley,Hydraulic fracturing,2018,0.481231,38
Texas,Hockley,Hydraulic fracturing,2019,1.01151957971,4
Texas,Howard,Hydraulic fracturing,2000,2.942363154,81
Texas,Howard,Hydraulic fracturing,2001,4.0957582090999995,56
Texas,Howard,Hydraulic fracturing,2002,1.9994910000000001,13
Texas,Howard,Hydraulic fracturing,2003,0.3506,7
Texas,Howard,Hydraulic fracturing,2004,1.042756,17
Texas,Howard,Hydraulic fracturing,2005,1.137319,16
Texas,Howard,Hydraulic fracturing,2006,2.203184,14
Texas,Howard,Hydraulic fracturing,2007,12.370316,40
Texas,Howard,Hydraulic fracturing,2008,20.057805,48
Texas,Howard,Hydraulic fracturing,2009,34.934743,59
Texas,Howard,Hydraulic fracturing,2010,45.427517,84
Texas,Howard,Hydraulic fracturing,2011,147.015883,206
Texas,Howard,Hydraulic fracturing,2012,277.337334,325
Texas,Howard,Hydraulic fracturing,2013,438.971254,445
Texas,Howard,Hydraulic fracturing,2014,662.53817,433
Texas,Howard,Hydraulic fracturing,2015,912.89939306033,253
Texas,Howard,Hydraulic fracturing,2016,1356.3725045261,152
Texas,Howard,Hydraulic fracturing,2017,4384.233976,310
Texas,Howard,Hydraulic fracturing,2018,5544.13227229021,364
Texas,Howard,Hydraulic fracturing,2019,6138.12149945962,391
Texas,Hudspeth,Hydraulic fracturing,2002,0.019,1
Texas,Hudspeth,Hydraulic fracturing,2006,0.478884,1
Texas,Hudspeth,Hydraulic fracturing,2007,0.447132,2
Texas,Hudspeth,Hydraulic fracturing,2008,0.08857,3
Texas,Hudspeth,Hydraulic fracturing,2016,0.08421,1
Texas,Hudspeth,Hydraulic fracturing,2018,2.018745,1
Texas,Hudspeth,Hydraulic fracturing,2019,0.106861,1
Texas,Irion,Hydraulic fracturing,2000,0.33325299999999997,9
Texas,Irion,Hydraulic fracturing,2001,0.89499899581,27
Texas,Irion,Hydraulic fracturing,2002,0.48574059077,14
Texas,Irion,Hydraulic fracturing,2003,1.759896,25
Texas,Irion,Hydraulic fracturing,2004,1.80165,15
Texas,Irion,Hydraulic fracturing,2005,3.689851,38
Texas,Irion,Hydraulic fracturing,2006,10.580047,79
Texas,Irion,Hydraulic fracturing,2007,12.243382,105
Texas,Irion,Hydraulic fracturing,2008,26.983755,188
Texas,Irion,Hydraulic fracturing,2009,14.753665,74
Texas,Irion,Hydraulic fracturing,2010,24.836254,104
Texas,Irion,Hydraulic fracturing,2011,235.75201619999999,219
Texas,Irion,Hydraulic fracturing,2012,658.841813,249
Texas,Irion,Hydraulic fracturing,2013,1502.74655380826,288
Texas,Irion,Hydraulic fracturing,2014,1941.440087,278
Texas,Irion,Hydraulic fracturing,2015,1103.291887,125
Texas,Irion,Hydraulic fracturing,2016,468.68367284034,58
Texas,Irion,Hydraulic fracturing,2017,812.300066,62
Texas,Irion,Hydraulic fracturing,2018,1293.4326561999999,72
Texas,Irion,Hydraulic fracturing,2019,1646.474365,86
Texas,Jeff Davis,Hydraulic fracturing,2007,1.828092,1
Texas,Jeff Davis,Hydraulic fracturing,2008,1.156608,1
Texas,Jeff Davis,Hydraulic fracturing,2014,1.231354,1
Texas,Jeff Davis,Hydraulic fracturing,2017,8.725311,2
Texas,Jeff Davis,Hydraulic fracturing,2018,17.549649,2
Texas,Jones,Hydraulic fracturing,2000,0.015,1
Texas,Jones,Hydraulic fracturing,2001,0.024034,5
Texas,Jones,Hydraulic fracturing,2002,0.044,3
Texas,Jones,Hydraulic fracturing,2003,0.02395,6
Texas,Jones,Hydraulic fracturing,2004,0.01275,6
Texas,Jones,Hydraulic fracturing,2005,0.042326,12
Texas,Jones,Hydraulic fracturing,2006,0.050859999999999995,6
Texas,Jones,Hydraulic fracturing,2007,0.055778,4
Texas,Jones,Hydraulic fracturing,2008,0.023711999999999997,3
Texas,Jones,Hydraulic fracturing,2009,0.149256,8
Texas,Jones,Hydraulic fracturing,2010,0.29754400000000003,7
Texas,Jones,Hydraulic fracturing,2011,0.171844,9
Texas,Jones,Hydraulic fracturing,2012,0.061749,2
Texas,Jones,Hydraulic fracturing,2013,0.062244,4
Texas,Jones,Hydraulic fracturing,2014,0.066828,3
Texas,Jones,Hydraulic fracturing,2015,2.70732,4
Texas,Jones,Hydraulic fracturing,2018,0.0095,1
Texas,Kent,Hydraulic fracturing,2000,0.043185,3
Texas,Kent,Hydraulic fracturing,2001,0.0465,3
Texas,Kent,Hydraulic fracturing,2002,0.02,1
Texas,Kent,Hydraulic fracturing,2003,0.023,1
Texas,Kent,Hydraulic fracturing,2004,0.088628,2
Texas,Kent,Hydraulic fracturing,2006,0.005,1
Texas,Kent,Hydraulic fracturing,2007,0.060102,2
Texas,Kent,Hydraulic fracturing,2008,0.05334,3
Texas,Kent,Hydraulic fracturing,2011,0.021527,1
Texas,Kent,Hydraulic fracturing,2012,0.860643,4
Texas,Kent,Hydraulic fracturing,2013,2.060226,2
Texas,Kent,Hydraulic fracturing,2015,0.5400780000000001,2
Texas,Kent,Hydraulic fracturing,2017,2.707212,1
Texas,Kent,Hydraulic fracturing,2019,0.328118,1
Texas,Kimble,Hydraulic fracturing,2003,0.015,1
Texas,Kimble,Hydraulic fracturing,2005,0.017,1
Texas,King,Hydraulic fracturing,2000,0.09255,7
Texas,King,Hydraulic fracturing,2001,0.01675,2
Texas,King,Hydraulic fracturing,2002,0.07642,4
Texas,King,Hydraulic fracturing,2003,0.15135,3
Texas,King,Hydraulic fracturing,2004,0.046965,4
Texas,King,Hydraulic fracturing,2005,0.013000000000000001,4
Texas,King,Hydraulic fracturing,2006,0.01125,2
Texas,King,Hydraulic fracturing,2007,0.059803999999999996,6
Texas,King,Hydraulic fracturing,2008,0.029699999999999997,3
Texas,King,Hydraulic fracturing,2009,0.025827,2
Texas,King,Hydraulic fracturing,2011,0.00546,1
Texas,King,Hydraulic fracturing,2012,0.009534,1
Texas,King,Hydraulic fracturing,2013,0.827974,19
Texas,King,Hydraulic fracturing,2014,0.700508,25
Texas,King,Hydraulic fracturing,2015,0.29265599999999997,14
Texas,King,Hydraulic fracturing,2016,0.27887525254,11
Texas,King,Hydraulic fracturing,2017,0.07981396269,4
Texas,King,Hydraulic fracturing,2018,0.05655957143,3
Texas,King,Hydraulic fracturing,2019,0.0204515122,1
Texas,Lamb,Hydraulic fracturing,2016,0.004,1
Texas,Loving,Hydraulic fracturing,2000,0.232224,6
Texas,Loving,Hydraulic fracturing,2001,0.320958,5
Texas,Loving,Hydraulic fracturing,2002,0.600218,4
Texas,Loving,Hydraulic fracturing,2003,5.761711,7
Texas,Loving,Hydraulic fracturing,2004,5.06925,17
Texas,Loving,Hydraulic fracturing,2005,27.121004,39
Texas,Loving,Hydraulic fracturing,2006,21.773561,27
Texas,Loving,Hydraulic fracturing,2007,22.788308999999998,44
Texas,Loving,Hydraulic fracturing,2008,18.474301,40
Texas,Loving,Hydraulic fracturing,2009,5.906477,19
Texas,Loving,Hydraulic fracturing,2010,12.268519,41
Texas,Loving,Hydraulic fracturing,2011,52.7463,50
Texas,Loving,Hydraulic fracturing,2012,239.118498,151
Texas,Loving,Hydraulic fracturing,2013,459.3686981893,148
Texas,Loving,Hydraulic fracturing,2014,778.3746629999999,172
Texas,Loving,Hydraulic fracturing,2015,1343.641237729,208
Texas,Loving,Hydraulic fracturing,2016,1895.849063,217
Texas,Loving,Hydraulic fracturing,2017,3705.300647639,304
Texas,Loving,Hydraulic fracturing,2018,4840.59968,388
Texas,Loving,Hydraulic fracturing,2019,4837.134779201,350
Texas,Lubbock,Hydraulic fracturing,2000,0.138012,4
Texas,Lubbock,Hydraulic fracturing,2001,0.243,7
Texas,Lubbock,Hydraulic fracturing,2002,0.159621,5
Texas,Lubbock,Hydraulic fracturing,2003,0.00835,1
Texas,Lubbock,Hydraulic fracturing,2005,0.051232,2
Texas,Lubbock,Hydraulic fracturing,2009,0.11815,3
Texas,Lubbock,Hydraulic fracturing,2010,0.031,2
Texas,Lubbock,Hydraulic fracturing,2011,0.01,1
Texas,Lubbock,Hydraulic fracturing,2012,5.588184,3
Texas,Lubbock,Hydraulic fracturing,2013,2.084552,6
Texas,Lubbock,Hydraulic fracturing,2014,0.10433,1
Texas,Lubbock,Hydraulic fracturing,2015,1.078496,3
Texas,Lubbock,Hydraulic fracturing,2018,0.052397,3
Texas,Lynn,Hydraulic fracturing,2000,0.03129,1
Texas,Lynn,Hydraulic fracturing,2001,0.080667,1
Texas,Lynn,Hydraulic fracturing,2008,0.05,1
Texas,Lynn,Hydraulic fracturing,2009,0.039435,1
Texas,Lynn,Hydraulic fracturing,2010,0.038529,1
Texas,Lynn,Hydraulic fracturing,2011,0.12975,2
Texas,Lynn,Hydraulic fracturing,2012,2.17505,6
Texas,Lynn,Hydraulic fracturing,2013,4.430217,4
Texas,Lynn,Hydraulic fracturing,2014,0.1132,1
Texas,Martin,Hydraulic fracturing,2000,14.834683,62
Texas,Martin,Hydraulic fracturing,2001,14.437985,65
Texas,Martin,Hydraulic fracturing,2002,1.2350700000000001,8
Texas,Martin,Hydraulic fracturing,2003,8.495884,21
Texas,Martin,Hydraulic fracturing,2004,13.434394,52
Texas,Martin,Hydraulic fracturing,2005,25.507763,88
Texas,Martin,Hydraulic fracturing,2006,32.878802,88
Texas,Martin,Hydraulic fracturing,2007,107.920736,201
Texas,Martin,Hydraulic fracturing,2008,208.4757037,305
Texas,Martin,Hydraulic fracturing,2009,158.586991,212
Texas,Martin,Hydraulic fracturing,2010,366.3873629,375
Texas,Martin,Hydraulic fracturing,2011,668.5799164,692
Texas,Martin,Hydraulic fracturing,2012,837.223168,828
Texas,Martin,Hydraulic fracturing,2013,972.532593,705
Texas,Martin,Hydraulic fracturing,2014,1674.699704,642
Texas,Martin,Hydraulic fracturing,2015,1975.237925,371
Texas,Martin,Hydraulic fracturing,2016,2132.2651446433,192
Texas,Martin,Hydraulic fracturing,2017,4573.777283886,321
Texas,Martin,Hydraulic fracturing,2018,7508.920237,471
Texas,Martin,Hydraulic fracturing,2019,8797.93755801,487
Texas,Menard,Hydraulic fracturing,2000,0.016,3
Texas,Menard,Hydraulic fracturing,2001,0.0165,3
Texas,Menard,Hydraulic fracturing,2002,0.020716000000000002,2
Texas,Menard,Hydraulic fracturing,2003,0.010953999999999998,8
Texas,Menard,Hydraulic fracturing,2004,0.035374,4
Texas,Menard,Hydraulic fracturing,2006,0.0204,1
Texas,Menard,Hydraulic fracturing,2007,0.00546,1
Texas,Menard,Hydraulic fracturing,2008,0.03415,8
Texas,Menard,Hydraulic fracturing,2009,0.022134,5
Texas,Menard,Hydraulic fracturing,2010,0.01113,1
Texas,Menard,Hydraulic fracturing,2011,0.058179999999999996,4
Texas,Menard,Hydraulic fracturing,2012,0.015708,1
Texas,Menard,Hydraulic fracturing,2014,0.0084,1
Texas,Menard,Hydraulic fracturing,2018,0.00105,1
Texas,Midland,Hydraulic fracturing,2000,28.013054879,149
Texas,Midland,Hydraulic fracturing,2001,47.7721296842,197
Texas,Midland,Hydraulic fracturing,2002,26.874973,111
Texas,Midland,Hydraulic fracturing,2003,64.4387238005,231
Texas,Midland,Hydraulic fracturing,2004,50.184478,169
Texas,Midland,Hydraulic fracturing,2005,46.794245,147
Texas,Midland,Hydraulic fracturing,2006,99.770274,201
Texas,Midland,Hydraulic fracturing,2007,101.9097252,194
Texas,Midland,Hydraulic fracturing,2008,127.491286,200
Texas,Midland,Hydraulic fracturing,2009,163.8792344,240
Texas,Midland,Hydraulic fracturing,2010,276.6949213,295
Texas,Midland,Hydraulic fracturing,2011,590.7715338,556
Texas,Midland,Hydraulic fracturing,2012,746.0240016,628
Texas,Midland,Hydraulic fracturing,2013,848.22499,511
Texas,Midland,Hydraulic fracturing,2014,1850.41488512717,569
Texas,Midland,Hydraulic fracturing,2015,3330.9976518471,450
Texas,Midland,Hydraulic fracturing,2016,6130.4931354704,475
Texas,Midland,Hydraulic fracturing,2017,8322.458050793,498
Texas,Midland,Hydraulic fracturing,2018,12057.87894916,675
Texas,Midland,Hydraulic fracturing,2019,11405.9537506531,602
Texas,Mitchell,Hydraulic fracturing,2000,1.92346,65
Texas,Mitchell,Hydraulic fracturing,2001,1.218205,42
Texas,Mitchell,Hydraulic fracturing,2002,0.8,32
Texas,Mitchell,Hydraulic fracturing,2003,0.9944999999999999,34
Texas,Mitchell,Hydraulic fracturing,2004,2.491613,68
Texas,Mitchell,Hydraulic fracturing,2005,1.932936,70
Texas,Mitchell,Hydraulic fracturing,2006,6.9391418,113
Texas,Mitchell,Hydraulic fracturing,2007,9.177787,163
Texas,Mitchell,Hydraulic fracturing,2008,11.2452804,239
Texas,Mitchell,Hydraulic fracturing,2009,4.1667436,150
Texas,Mitchell,Hydraulic fracturing,2010,4.497871,126
Texas,Mitchell,Hydraulic fracturing,2011,7.986395,145
Texas,Mitchell,Hydraulic fracturing,2012,21.653248,159
Texas,Mitchell,Hydraulic fracturing,2013,80.65096,102
Texas,Mitchell,Hydraulic fracturing,2014,22.84910452,30
Texas,Mitchell,Hydraulic fracturing,2015,1.6201979333,8
Texas,Mitchell,Hydraulic fracturing,2016,0.762034,1
Texas,Mitchell,Hydraulic fracturing,2017,0.407913,3
Texas,Mitchell,Hydraulic fracturing,2018,0.603515,8
Texas,Mitchell,Hydraulic fracturing,2019,0.051508,1
Texas,Motley,Hydraulic fracturing,2006,0.336,1
Texas,Nolan,Hydraulic fracturing,2000,0.05539245057,3
Texas,Nolan,Hydraulic fracturing,2001,0.110898,6
Texas,Nolan,Hydraulic fracturing,2002,0.00126,1
Texas,Nolan,Hydraulic fracturing,2003,0.04445,3
Texas,Nolan,Hydraulic fracturing,2004,0.06587,4
Texas,Nolan,Hydraulic fracturing,2005,0.061200000000000004,6
Texas,Nolan,Hydraulic fracturing,2006,0.0315,2
Texas,Nolan,Hydraulic fracturing,2007,0.12372999999999999,6
Texas,Nolan,Hydraulic fracturing,2008,0.450321,18
Texas,Nolan,Hydraulic fracturing,2009,0.17800000000000002,7
Texas,Nolan,Hydraulic fracturing,2010,2.394098,16
Texas,Nolan,Hydraulic fracturing,2011,2.635505,29
Texas,Nolan,Hydraulic fracturing,2012,9.52829,23
Texas,Nolan,Hydraulic fracturing,2013,22.6194371657,24
Texas,Nolan,Hydraulic fracturing,2014,21.066111,22
Texas,Nolan,Hydraulic fracturing,2015,1.280603,17
Texas,Nolan,Hydraulic fracturing,2016,0.144246,5
Texas,Nolan,Hydraulic fracturing,2017,0.09853100000000001,3
Texas,Nolan,Hydraulic fracturing,2018,0.663192,6
Texas,Nolan,Hydraulic fracturing,2019,6.362097,4
Texas,Pecos,Hydraulic fracturing,2000,0.6038600000000001,17
Texas,Pecos,Hydraulic fracturing,2001,2.410308523,44
Texas,Pecos,Hydraulic fracturing,2002,3.607767,47
Texas,Pecos,Hydraulic fracturing,2003,5.220733,53
Texas,Pecos,Hydraulic fracturing,2004,7.813693,59
Texas,Pecos,Hydraulic fracturing,2005,6.028246,69
Texas,Pecos,Hydraulic fracturing,2006,8.562457,82
Texas,Pecos,Hydraulic fracturing,2007,34.9037913153,182
Texas,Pecos,Hydraulic fracturing,2008,66.8071558,323
Texas,Pecos,Hydraulic fracturing,2009,24.400233,129
Texas,Pecos,Hydraulic fracturing,2010,36.1565778,140
Texas,Pecos,Hydraulic fracturing,2011,15.937296,48
Texas,Pecos,Hydraulic fracturing,2012,25.429592,46
Texas,Pecos,Hydraulic fracturing,2013,68.226282,60
Texas,Pecos,Hydraulic fracturing,2014,199.581704,70
Texas,Pecos,Hydraulic fracturing,2015,466.2576952089,55
Texas,Pecos,Hydraulic fracturing,2016,814.8243219999999,47
Texas,Pecos,Hydraulic fracturing,2017,1418.6383001473,79
Texas,Pecos,Hydraulic fracturing,2018,2434.147253608,104
Texas,Pecos,Hydraulic fracturing,2019,3306.57948534,143
Texas,Reagan,Hydraulic fracturing,2000,5.83078,37
Texas,Reagan,Hydraulic fracturing,2001,6.919058,43
Texas,Reagan,Hydraulic fracturing,2002,9.306101,55
Texas,Reagan,Hydraulic fracturing,2003,22.6678701186,114
Texas,Reagan,Hydraulic fracturing,2004,18.812464,72
Texas,Reagan,Hydraulic fracturing,2005,46.231445,132
Texas,Reagan,Hydraulic fracturing,2006,70.793641,190
Texas,Reagan,Hydraulic fracturing,2007,55.427111,153
Texas,Reagan,Hydraulic fracturing,2008,78.082011,226
Texas,Reagan,Hydraulic fracturing,2009,39.217712399999996,90
Texas,Reagan,Hydraulic fracturing,2010,80.3027484,132
Texas,Reagan,Hydraulic fracturing,2011,235.5816092,213
Texas,Reagan,Hydraulic fracturing,2012,715.110433,366
Texas,Reagan,Hydraulic fracturing,2013,1463.1166926862,330
Texas,Reagan,Hydraulic fracturing,2014,2822.3276533216,390
Texas,Reagan,Hydraulic fracturing,2015,2534.18041592,273
Texas,Reagan,Hydraulic fracturing,2016,2245.990818,153
Texas,Reagan,Hydraulic fracturing,2017,4145.65600034,227
Texas,Reagan,Hydraulic fracturing,2018,5096.107345357,290
Texas,Reagan,Hydraulic fracturing,2019,4858.5298795,222
Texas,Real,Hydraulic fracturing,2003,0.0165,1
Texas,Real,Hydraulic fracturing,2004,0.44053600000000004,3
Texas,Real,Hydraulic fracturing,2007,0.554064,1
Texas,Real,Hydraulic fracturing,2009,0.2052,2
Texas,Real,Hydraulic fracturing,2013,0.104286,1
Texas,Reeves,Hydraulic fracturing,2000,0.43422499999999997,13
Texas,Reeves,Hydraulic fracturing,2001,0.850993,19
Texas,Reeves,Hydraulic fracturing,2002,0.577092,13
Texas,Reeves,Hydraulic fracturing,2003,2.8439550000000002,9
Texas,Reeves,Hydraulic fracturing,2004,5.0437111,23
Texas,Reeves,Hydraulic fracturing,2005,4.6327679999999996,32
Texas,Reeves,Hydraulic fracturing,2006,6.864365,27
Texas,Reeves,Hydraulic fracturing,2007,29.0980826,38
Texas,Reeves,Hydraulic fracturing,2008,43.071147,50
Texas,Reeves,Hydraulic fracturing,2009,17.8252122,19
Texas,Reeves,Hydraulic fracturing,2010,29.7885276,45
Texas,Reeves,Hydraulic fracturing,2011,143.3266392,107
Texas,Reeves,Hydraulic fracturing,2012,420.913787,300
Texas,Reeves,Hydraulic fracturing,2013,649.2725490861,315
Texas,Reeves,Hydraulic fracturing,2014,1976.69727481962,322
Texas,Reeves,Hydraulic fracturing,2015,2266.993406,289
Texas,Reeves,Hydraulic fracturing,2016,2709.8062125339998,236
Texas,Reeves,Hydraulic fracturing,2017,7890.986334396,495
Texas,Reeves,Hydraulic fracturing,2018,12579.223857,780
Texas,Reeves,Hydraulic fracturing,2019,12228.24944496,704
Texas,Schleicher,Hydraulic fracturing,2000,0.28956,10
Texas,Schleicher,Hydraulic fracturing,2001,0.8804500000000001,24
Texas,Schleicher,Hydraulic fracturing,2002,0.487,7
Texas,Schleicher,Hydraulic fracturing,2003,0.35174,8
Texas,Schleicher,Hydraulic fracturing,2004,1.36424595,30
Texas,Schleicher,Hydraulic fracturing,2005,15.702008000000001,58
Texas,Schleicher,Hydraulic fracturing,2006,8.7219715,59
Texas,Schleicher,Hydraulic fracturing,2007,2.241132,47
Texas,Schleicher,Hydraulic fracturing,2008,2.448362,52
Texas,Schleicher,Hydraulic fracturing,2009,0.915588,24
Texas,Schleicher,Hydraulic fracturing,2010,5.307478,64
Texas,Schleicher,Hydraulic fracturing,2011,28.921471999999998,51
Texas,Schleicher,Hydraulic fracturing,2012,37.217663,47
Texas,Schleicher,Hydraulic fracturing,2013,69.106811,28
Texas,Schleicher,Hydraulic fracturing,2014,59.785726000000004,25
Texas,Schleicher,Hydraulic fracturing,2015,24.987829,6
Texas,Schleicher,Hydraulic fracturing,2016,11.576383,15
Texas,Schleicher,Hydraulic fracturing,2017,0.169672,5
Texas,Scurry,Hydraulic fracturing,2000,2.628428,44
Texas,Scurry,Hydraulic fracturing,2001,0.99069849011,33
Texas,Scurry,Hydraulic fracturing,2002,0.507058,17
Texas,Scurry,Hydraulic fracturing,2003,0.18182500000000001,10
Texas,Scurry,Hydraulic fracturing,2004,0.35603,18
Texas,Scurry,Hydraulic fracturing,2005,0.184441,15
Texas,Scurry,Hydraulic fracturing,2006,0.31349,6
Texas,Scurry,Hydraulic fracturing,2007,0.752582,11
Texas,Scurry,Hydraulic fracturing,2008,2.650882,19
Texas,Scurry,Hydraulic fracturing,2009,5.319118,15
Texas,Scurry,Hydraulic fracturing,2010,2.858758,14
Texas,Scurry,Hydraulic fracturing,2011,1.8988479999999999,25
Texas,Scurry,Hydraulic fracturing,2012,2.2650419999999998,17
Texas,Scurry,Hydraulic fracturing,2013,18.638505,52
Texas,Scurry,Hydraulic fracturing,2014,21.813691,40
Texas,Scurry,Hydraulic fracturing,2015,17.879481,15
Texas,Scurry,Hydraulic fracturing,2016,31.204273999999998,5
Texas,Scurry,Hydraulic fracturing,2017,20.367629,8
Texas,Scurry,Hydraulic fracturing,2018,58.319633,24
Texas,Scurry,Hydraulic fracturing,2019,6.270461,12
Texas,Sterling,Hydraulic fracturing,2000,1.0319561953,13
Texas,Sterling,Hydraulic fracturing,2001,1.191541,18
Texas,Sterling,Hydraulic fracturing,2002,1.5298910000000001,20
Texas,Sterling,Hydraulic fracturing,2003,1.547371,16
Texas,Sterling,Hydraulic fracturing,2004,6.052746,52
Texas,Sterling,Hydraulic fracturing,2005,13.950496900000001,57
Texas,Sterling,Hydraulic fracturing,2006,10.313818,36
Texas,Sterling,Hydraulic fracturing,2007,13.148352000000001,51
Texas,Sterling,Hydraulic fracturing,2008,10.759018,30
Texas,Sterling,Hydraulic fracturing,2009,17.228982,34
Texas,Sterling,Hydraulic fracturing,2010,14.215067,32
Texas,Sterling,Hydraulic fracturing,2011,17.950981,25
Texas,Sterling,Hydraulic fracturing,2012,81.630835,43
Texas,Sterling,Hydraulic fracturing,2013,131.603242,41
Texas,Sterling,Hydraulic fracturing,2014,133.576142,53
Texas,Sterling,Hydraulic fracturing,2015,8.681022,8
Texas,Sterling,Hydraulic fracturing,2016,2.7343900000000003,6
Texas,Sterling,Hydraulic fracturing,2017,17.272332,6
Texas,Sterling,Hydraulic fracturing,2018,2.487542,5
Texas,Sterling,Hydraulic fracturing,2019,1.292508,2
Texas,Stonewall,Hydraulic fracturing,2000,0.04204496705,4
Texas,Stonewall,Hydraulic fracturing,2002,0.019,1
Texas,Stonewall,Hydraulic fracturing,2003,0.05625,5
Texas,Stonewall,Hydraulic fracturing,2005,0.0189,1
Texas,Stonewall,Hydraulic fracturing,2006,0.081546,5
Texas,Stonewall,Hydraulic fracturing,2007,0.09569,7
Texas,Stonewall,Hydraulic fracturing,2008,0.634468,27
Texas,Stonewall,Hydraulic fracturing,2009,0.21957,13
Texas,Stonewall,Hydraulic fracturing,2010,1.1705772,39
Texas,Stonewall,Hydraulic fracturing,2011,2.4805904,30
Texas,Stonewall,Hydraulic fracturing,2012,2.715598,35
Texas,Stonewall,Hydraulic fracturing,2013,1.565661,33
Texas,Stonewall,Hydraulic fracturing,2014,5.06102,30
Texas,Stonewall,Hydraulic fracturing,2015,0.540767,11
Texas,Stonewall,Hydraulic fracturing,2016,0.629884,13
Texas,Stonewall,Hydraulic fracturing,2017,0.592788,12
Texas,Stonewall,Hydraulic fracturing,2018,0.521296,11
Texas,Stonewall,Hydraulic fracturing,2019,0.889699,17
Texas,Sutton,Hydraulic fracturing,2000,33.591216013,234
Texas,Sutton,Hydraulic fracturing,2001,13.435369502,271
Texas,Sutton,Hydraulic fracturing,2002,24.162218,332
Texas,Sutton,Hydraulic fracturing,2003,36.3933456869,465
Texas,Sutton,Hydraulic fracturing,2004,52.210875011,499
Texas,Sutton,Hydraulic fracturing,2005,65.463656,397
Texas,Sutton,Hydraulic fracturing,2006,56.968861,489
Texas,Sutton,Hydraulic fracturing,2007,43.85153,467
Texas,Sutton,Hydraulic fracturing,2008,37.6578015734,372
Texas,Sutton,Hydraulic fracturing,2009,6.112042,81
Texas,Sutton,Hydraulic fracturing,2010,8.308656,114
Texas,Sutton,Hydraulic fracturing,2011,4.942792,32
Texas,Sutton,Hydraulic fracturing,2012,2.885108,8
Texas,Sutton,Hydraulic fracturing,2013,5.725172,14
Texas,Sutton,Hydraulic fracturing,2014,0.11820900000000001,2
Texas,Sutton,Hydraulic fracturing,2016,0.2025,3
Texas,Sutton,Hydraulic fracturing,2017,0.070067,1
Texas,Sutton,Hydraulic fracturing,2018,1.145424,2
Texas,Sutton,Hydraulic fracturing,2019,0.029037,1
Texas,Terrell,Hydraulic fracturing,2000,2.74744932056,28
Texas,Terrell,Hydraulic fracturing,2001,3.7032860000000003,37
Texas,Terrell,Hydraulic fracturing,2002,6.690426,44
Texas,Terrell,Hydraulic fracturing,2003,7.1410955,37
Texas,Terrell,Hydraulic fracturing,2004,4.895002,41
Texas,Terrell,Hydraulic fracturing,2005,3.040733,16
Texas,Terrell,Hydraulic fracturing,2006,5.4734899,34
Texas,Terrell,Hydraulic fracturing,2007,3.406452,29
Texas,Terrell,Hydraulic fracturing,2008,5.01336,18
Texas,Terrell,Hydraulic fracturing,2009,0.192414,3
Texas,Terrell,Hydraulic fracturing,2010,1.2877830000000001,2
Texas,Terrell,Hydraulic fracturing,2011,0.022848,1
Texas,Terrell,Hydraulic fracturing,2012,0.201344,2
Texas,Terrell,Hydraulic fracturing,2014,5.032744,4
Texas,Terrell,Hydraulic fracturing,2015,3.0788219674,5
Texas,Terrell,Hydraulic fracturing,2016,0.399394,1
Texas,Terrell,Hydraulic fracturing,2017,0.309666,1
Texas,Terrell,Hydraulic fracturing,2018,6.700125,2
Texas,Terry,Hydraulic fracturing,2000,0.6129621672,15
Texas,Terry,Hydraulic fracturing,2001,0.994081,16
Texas,Terry,Hydraulic fracturing,2002,0.355564,6
Texas,Terry,Hydraulic fracturing,2003,1.094118,20
Texas,Terry,Hydraulic fracturing,2004,1.335392,17
Texas,Terry,Hydraulic fracturing,2005,1.353669,17
Texas,Terry,Hydraulic fracturing,2006,2.173807,16
Texas,Terry,Hydraulic fracturing,2007,1.602802,17
Texas,Terry,Hydraulic fracturing,2008,2.002542,15
Texas,Terry,Hydraulic fracturing,2009,0.273054,4
Texas,Terry,Hydraulic fracturing,2010,0.649544,8
Texas,Terry,Hydraulic fracturing,2011,5.247857,9
Texas,Terry,Hydraulic fracturing,2012,31.252715,28
Texas,Terry,Hydraulic fracturing,2013,10.83165,10
Texas,Terry,Hydraulic fracturing,2014,2.135063,7
Texas,Terry,Hydraulic fracturing,2015,1.410556,5
Texas,Terry,Hydraulic fracturing,2016,1.907952,6
Texas,Terry,Hydraulic fracturing,2017,1.63502,9
Texas,Terry,Hydraulic fracturing,2018,0.7031890000000001,4
Texas,Tom Green,Hydraulic fracturing,2000,0.025,1
Texas,Tom Green,Hydraulic fracturing,2001,0.013,1
Texas,Tom Green,Hydraulic fracturing,2002,0.012222,1
Texas,Tom Green,Hydraulic fracturing,2003,0.017912,2
Texas,Tom Green,Hydraulic fracturing,2004,1.312439,13
Texas,Tom Green,Hydraulic fracturing,2005,4.706007,25
Texas,Tom Green,Hydraulic fracturing,2006,3.261646,23
Texas,Tom Green,Hydraulic fracturing,2007,3.2421159999999998,18
Texas,Tom Green,Hydraulic fracturing,2008,0.12716,6
Texas,Tom Green,Hydraulic fracturing,2009,0.00126,1
Texas,Tom Green,Hydraulic fracturing,2010,0.0633,3
Texas,Tom Green,Hydraulic fracturing,2011,0.038,2
Texas,Tom Green,Hydraulic fracturing,2012,0.283346,5
Texas,Tom Green,Hydraulic fracturing,2013,0.655885,5
Texas,Tom Green,Hydraulic fracturing,2014,0.388691,9
Texas,Tom Green,Hydraulic fracturing,2015,8.20659,8
Texas,Tom Green,Hydraulic fracturing,2016,3.761289,3
Texas,Tom Green,Hydraulic fracturing,2017,6.973631,11
Texas,Tom Green,Hydraulic fracturing,2018,30.997932000000002,6
Texas,Tom Green,Hydraulic fracturing,2019,7.092615,4
Texas,Upton,Hydraulic fracturing,2000,8.817197,65
Texas,Upton,Hydraulic fracturing,2001,9.623177,71
Texas,Upton,Hydraulic fracturing,2002,14.8867226,89
Texas,Upton,Hydraulic fracturing,2003,17.9716569,58
Texas,Upton,Hydraulic fracturing,2004,70.2325074,138
Texas,Upton,Hydraulic fracturing,2005,145.8693504,187
Texas,Upton,Hydraulic fracturing,2006,121.736669,185
Texas,Upton,Hydraulic fracturing,2007,171.767758,252
Texas,Upton,Hydraulic fracturing,2008,339.526741,458
Texas,Upton,Hydraulic fracturing,2009,171.2652929,221
Texas,Upton,Hydraulic fracturing,2010,380.0599087,378
Texas,Upton,Hydraulic fracturing,2011,643.315716,524
Texas,Upton,Hydraulic fracturing,2012,822.6022972,643
Texas,Upton,Hydraulic fracturing,2013,1075.853838,579
Texas,Upton,Hydraulic fracturing,2014,2078.20676212171,572
Texas,Upton,Hydraulic fracturing,2015,2207.114012,354
Texas,Upton,Hydraulic fracturing,2016,2728.91848454,183
Texas,Upton,Hydraulic fracturing,2017,3503.403356,205
Texas,Upton,Hydraulic fracturing,2018,4167.616845,239
Texas,Upton,Hydraulic fracturing,2019,4154.345893906,213
Texas,Val Verde,Hydraulic fracturing,2000,0.7919740000000001,11
Texas,Val Verde,Hydraulic fracturing,2001,1.034063,13
Texas,Val Verde,Hydraulic fracturing,2002,0.270376,3
Texas,Val Verde,Hydraulic fracturing,2003,1.317392,10
Texas,Val Verde,Hydraulic fracturing,2004,1.421028,11
Texas,Val Verde,Hydraulic fracturing,2005,1.546197,19
Texas,Val Verde,Hydraulic fracturing,2006,0.583276,3
Texas,Val Verde,Hydraulic fracturing,2007,0.382764,6
Texas,Val Verde,Hydraulic fracturing,2008,0.763902,5
Texas,Val Verde,Hydraulic fracturing,2010,0.117642,1
Texas,Ward,Hydraulic fracturing,2000,13.278693,30
Texas,Ward,Hydraulic fracturing,2001,2.87741,38
Texas,Ward,Hydraulic fracturing,2002,1.401056,17
Texas,Ward,Hydraulic fracturing,2003,1.939919,27
Texas,Ward,Hydraulic fracturing,2004,1.799269,19
Texas,Ward,Hydraulic fracturing,2005,5.454734,54
Texas,Ward,Hydraulic fracturing,2006,27.062734,90
Texas,Ward,Hydraulic fracturing,2007,22.349198,96
Texas,Ward,Hydraulic fracturing,2008,34.381932,123
Texas,Ward,Hydraulic fracturing,2009,19.954553,89
Texas,Ward,Hydraulic fracturing,2010,29.685903,145
Texas,Ward,Hydraulic fracturing,2011,119.334593,212
Texas,Ward,Hydraulic fracturing,2012,216.836338,293
Texas,Ward,Hydraulic fracturing,2013,265.797677,327
Texas,Ward,Hydraulic fracturing,2014,468.44748599999997,283
Texas,Ward,Hydraulic fracturing,2015,233.87931019615,100
Texas,Ward,Hydraulic fracturing,2016,499.44847801665,82
Texas,Ward,Hydraulic fracturing,2017,1490.59220351606,181
Texas,Ward,Hydraulic fracturing,2018,2836.044688,224
Texas,Ward,Hydraulic fracturing,2019,2649.44479051201,187
Texas,Winkler,Hydraulic fracturing,2000,2.29282644248,39
Texas,Winkler,Hydraulic fracturing,2001,2.399588,43
Texas,Winkler,Hydraulic fracturing,2002,0.826389,19
Texas,Winkler,Hydraulic fracturing,2003,0.5493979999999999,14
Texas,Winkler,Hydraulic fracturing,2004,1.364943,16
Texas,Winkler,Hydraulic fracturing,2005,7.443388,62
Texas,Winkler,Hydraulic fracturing,2006,5.653104,52
Texas,Winkler,Hydraulic fracturing,2007,10.62242,19
Texas,Winkler,Hydraulic fracturing,2008,7.481561,29
Texas,Winkler,Hydraulic fracturing,2009,7.7808910000000004,15
Texas,Winkler,Hydraulic fracturing,2010,10.361662,17
Texas,Winkler,Hydraulic fracturing,2011,16.20851,23
Texas,Winkler,Hydraulic fracturing,2012,26.292105,38
Texas,Winkler,Hydraulic fracturing,2013,46.715303999999996,91
Texas,Winkler,Hydraulic fracturing,2014,99.7979466304,47
Texas,Winkler,Hydraulic fracturing,2015,108.633273,43
Texas,Winkler,Hydraulic fracturing,2016,291.356176,35
Texas,Winkler,Hydraulic fracturing,2017,605.385419,89
Texas,Winkler,Hydraulic fracturing,2018,1639.370062,178
Texas,Winkler,Hydraulic fracturing,2019,1014.36645288517,111
Texas,Yoakum,Hydraulic fracturing,2000,0.25353,9
Texas,Yoakum,Hydraulic fracturing,2001,0.752525,24
Texas,Yoakum,Hydraulic fracturing,2002,1.169717,33
Texas,Yoakum,Hydraulic fracturing,2003,1.2687297663,31
Texas,Yoakum,Hydraulic fracturing,2004,1.776087,32
Texas,Yoakum,Hydraulic fracturing,2005,10.839706564,51
Texas,Yoakum,Hydraulic fracturing,2006,3.066326,49
Texas,Yoakum,Hydraulic fracturing,2007,2.715246,29
Texas,Yoakum,Hydraulic fracturing,2008,1.898878,43
Texas,Yoakum,Hydraulic fracturing,2009,1.415909,26
Texas,Yoakum,Hydraulic fracturing,2010,4.610232,53
Texas,Yoakum,Hydraulic fracturing,2011,6.583939,52
Texas,Yoakum,Hydraulic fracturing,2012,6.623722,72
Texas,Yoakum,Hydraulic fracturing,2013,26.76986770383,190
Texas,Yoakum,Hydraulic fracturing,2014,29.702624,149
Texas,Yoakum,Hydraulic fracturing,2015,75.98813200000001,87
Texas,Yoakum,Hydraulic fracturing,2016,95.983542,92
Texas,Yoakum,Hydraulic fracturing,2017,171.992721,93
Texas,Yoakum,Hydraulic fracturing,2018,223.643072,95
Texas,Yoakum,Hydraulic fracturing,2019,118.558443854,57
